Time,Q_in_m3_d,S1_in_mg_L,S1_out_mg_L,CH4_Prod_L_d
1,4.003437599266812,2373.004744706047,1500.0121132955546,98.91689274453522
2,3.908688174903042,2888.861049895768,1504.6823612811363,115.70331466872959
3,5.232255811558996,2260.5203371100074,1524.4379943236765,124.7537800757925
4,3.074338615763495,2238.4705061008794,1541.143629662966,134.9539851388189
5,3.7825121638135353,2288.238887904781,1566.5727874810518,149.6072590477599
6,5.534869125431014,2746.6864318126427,1613.4157668669345,175.51095881768453
7,4.35802487493625,2378.633250675028,1655.1893093558347,223.7020275651461
8,3.304462538967628,3121.88193441541,1685.8043184399369,305.27332861163643
9,2.203349048973589,2969.7117684303034,1700.522214316017,441.90282558819496
10,5.901108011015901,2070.8621744807647,1764.688576971308,606.8041503504892
11,4.2690148745776115,2840.462722581898,1796.9234058646855,867.3898899270224
12,3.673346382204681,2465.5839971102287,1808.4117757645836,1257.550359605324
13,4.233440303300951,3059.779193760698,1811.819164966736,1788.447382227819
14,4.821634964354346,2213.491384445829,1803.6838051606453,2480.082600708589
15,4.660167930347284,2775.1482459103268,1763.376814356076,3378.985096055629
16,4.05592268885707,2448.937356385581,1676.969360709226,4534.696562275757
17,4.37816674739678,2382.470945407181,1555.3785906387086,5837.514997423715
18,4.618451335021063,2179.704193320605,1397.5782266197764,7157.065845752453
19,3.7702527253419085,2198.9820128210276,1187.736240725098,8399.096713580655
20,5.586147556613491,1499.6767960198677,1001.2197348949899,8859.788111334885
21,3.957858081202875,2979.0137025992567,780.2931356418845,9199.888482429235
22,3.3025719601424033,2178.718792731267,574.7028927003033,9188.485474070529
23,3.9210919633423478,2196.308473301591,425.20949215392045,8819.36743551286
24,3.9345899747477784,2557.7287764583584,315.5660086089195,8454.375731721924
25,4.8266767837353886,1650.5039891273104,253.5006911427531,7843.383161653039
26,5.201368140900903,3020.742785250619,215.68604001304936,7906.996379290822
27,5.553399150630726,2224.20183433183,198.1232554160486,7831.660427150949
28,5.371501564559689,3292.0017651074377,184.62106947139566,8336.244159846348
29,4.370127422743525,3410.945170475113,161.76697499233993,8833.020321923528
30,5.049162532682365,1890.2788432034872,154.90000134620124,8455.754449798105
31,4.165531293213954,3293.1942394302855,131.78902292702648,8526.00610360179
32,4.992353154355449,1911.8033732366885,122.29684988240024,7829.5741314814195
33,4.055413109548261,2509.41690719757,100.39122426334295,7284.274242845472
34,6.293636805138277,1631.4633598789308,104.0050323267087,6555.979018652809
35,2.9266567843992632,2313.029102297164,73.85379391320284,5730.568656734253
36,4.952743994379774,2862.948407614361,69.17124894972858,6228.258922175612
37,4.569449146553162,2718.663471406528,67.05402445921825,6486.579501078462
38,4.5462412172716675,3125.8378502664937,67.96219165564709,7030.659025626789
39,6.379652972174222,1928.5895648500286,88.48460751181607,6904.495659115912
40,2.9808731818386542,2933.459369482297,68.06602732715619,6480.534037124393
41,3.750907064185487,2662.2861485498297,59.16877833015594,6305.369200495734
42,6.461224730502327,2975.736723485218,78.26856126384695,7478.22186323309
43,5.242858858751511,1866.4268430416178,84.05831908597696,6939.2528422737705
44,5.602389997034787,2443.1086553318996,88.44653506661685,6980.708022555977
45,3.1520958942937702,2987.654908472546,67.9139940055891,6643.843548488493
46,4.697116060682028,2294.8995162274123,66.14189560897421,6451.67614181527
47,4.6558075117371365,2233.016892901505,64.41553127838094,6204.59999950296
48,3.358595005593019,2332.8548764550483,52.502038160297126,5685.266904330311
49,3.1843322357665813,2373.1400666236336,42.58498360025638,5253.274716677802
50,5.3943934384889864,1939.8437047197112,49.46865953089404,5259.724449672573
51,4.6470467828179505,2861.085819055147,51.30671565322505,5837.972351762927
52,4.106955079224019,2151.0766852215247,50.45704683644097,5618.056332146188
53,3.834748498270169,2571.5258678399678,47.682229293441466,5619.877952407546
54,7.1094112253787225,2681.3134381754126,75.23329514226867,6847.8515838774765
55,6.699097635487342,2513.61569313318,100.93914438007245,7439.061015629409
56,4.296511364540797,2364.7302425968314,92.38896672265739,7125.294641196901
57,4.315070657704136,1695.0357539588185,83.18154559527098,6297.91203834342
58,3.937519292770547,2064.930918560422,70.1558706782572,5720.2475133828875
59,4.930591664640417,3075.8977873593467,69.01549390114168,6405.294476749357
60,3.4779022731620493,3232.032176883392,59.272223614913,6611.065313361199
61,3.614790235207453,2340.4831800670117,54.104152998785544,6255.93621275211
62,4.702399623148484,2419.5862015864186,58.16872266598307,6283.655732382744
63,4.076152911191204,2335.910710339723,55.3979212169861,6013.858158878901
64,2.8838071948421193,2057.77719170416,43.783743167437464,5220.896306418902
65,3.9070253486327444,2710.02145243018,41.00375527494192,5417.985261436211
66,5.004115773691342,2705.6247292349917,47.7920928593561,6046.435005003326
67,5.135754954718025,2697.449532688643,57.053264354713825,6560.398038050114
68,4.370346391591728,2543.3584835814863,58.484912207618194,6537.849504412182
69,5.918660940409724,2004.512182314069,71.7199164297021,6406.332815049702
70,3.1819437159965025,2379.6000626113255,56.79126826768834,5797.354683318177
71,5.251707958438097,2291.157319999577,60.64373292578153,5930.292127499994
72,3.7426982975945955,2475.002391163492,53.018143244076015,5725.33616660482
73,3.4943000187822566,3140.2040436848406,46.260850776428015,5947.978429438639
74,4.130068891721475,2487.609278190385,46.86426732361323,5964.2028583157435
75,4.8008945829248315,1833.9361837023507,52.04948165019649,5567.56737641083
76,4.44061531349491,2434.077634277646,52.01050304319168,5628.084912112758
77,3.4328363354518707,1000.0,44.266876483832306,4425.831961293119
78,4.889289858776262,2445.008350379905,46.05867490021471,4916.90271634561
79,5.009742453063772,2370.447178944679,51.34433869295525,5320.400986133746
80,3.1013774144093924,2163.6754669299853,43.58305544999018,4953.785891329526
81,4.091905334457374,2606.568637771997,44.58119478314341,5252.444714377303
82,4.259845317323701,1918.367542083248,47.34481412452181,5055.639630845787
83,6.023514869387562,1993.122097274587,62.80151759143268,5324.330422365797
84,5.185615837134162,3198.971566571032,70.78014658284016,6309.588345602664
85,6.030209297886691,2941.0800066408547,92.49702569364747,7306.0701880820425
86,6.247801549600327,1248.2989646885273,113.53623865191568,6562.817765792579
87,5.407439476949451,2890.223199121171,112.76431517192057,6919.368312619662
88,4.37396847392232,1507.537294236927,100.00794324378117,6163.808132942889
89,5.612265003700259,2541.151783223776,101.59884380504637,6428.413737326728
90,2.553035375083972,1400.290044914618,73.81372899888184,5444.6370677073555
91,4.254800428896496,2906.2754482489913,67.69496874600557,5795.540120400762
92,3.8831158314031433,3373.335923391809,62.75679158162586,6377.573038801077
93,3.1396178535956976,2644.1128982062482,54.647049451028664,6199.261665711233
94,4.515447764755347,2841.4004596335076,59.89564090635461,6602.264488791403
95,3.6718349830877917,2444.001641540274,56.486198465455736,6302.129661092177
96,4.228921075706839,2233.0375082373243,56.368732429097086,5997.397203874084
97,5.668645149491835,2472.9783337396166,66.62588393971248,6406.9930320725325
98,3.6630387871333863,3546.112144500993,58.922557667928416,6831.654835904732
99,4.994331575671472,2242.6717690564565,64.91397292343605,6698.279424149104
100,4.066608781428742,1896.8152520761407,59.99909652151012,5946.157753143659
101,4.704767858245919,1755.2530405743883,58.09187564631656,5350.198073148191
102,5.281411796995503,1953.110941931921,59.20369881408061,5232.396794394686
103,5.05699229591521,2277.5223935265403,59.721956208882624,5407.160219958418
104,3.2356331562222183,2107.855137978525,48.66616562897348,4972.564619209836
105,3.9394678744037215,3154.9680511953693,46.244082971829066,5565.039106033283
106,5.113592888747865,2396.948465481483,56.3999959354499,5955.6292999639
107,5.388086055607273,3227.4441280814426,70.29399926468008,7038.634570040194
108,5.609678046288176,3648.597926734603,89.23750592479172,8462.437936148115
109,5.632789448406552,3060.338689785928,108.06568046285368,9170.891855057724
110,1.692885819615766,2580.34393761284,71.44801086262986,7912.203710004852
111,3.5537623287582214,2161.9281392812973,60.470680141716294,6814.669334684548
112,4.9666684169688775,2296.488623856958,59.86775684847455,6496.621438810463
113,5.08284025211581,3269.1689052490988,60.49353417708609,7346.544457285534
114,5.398022181262891,2483.916488714178,66.49042070804211,7359.5052209576215
115,4.8631488202995214,1698.0143379313436,64.91582008569299,6345.289438568136
116,6.574047773754902,1796.4294839814916,73.53476318004446,6006.101665686412
117,2.510343002162295,2035.6538642613032,49.389862025071295,4980.073445046715
118,5.311337231831391,2550.1354922983296,50.95497414473875,5572.179235143538
119,3.806398424111086,2554.3260729998565,45.77492516176554,5565.066070727147
120,5.3712248586566025,2454.544284073793,55.41055423414047,6025.854590504252
121,4.615130288515816,3329.116740338496,59.579237511539105,6844.306138817215
122,5.196895565762509,3030.7108487621194,71.5193118177411,7577.839608985085
123,4.058515454096493,3078.529025133387,69.61178733135759,7738.671532288722
124,4.5810859579292735,2350.1713988735637,71.38262428044128,7374.968492743697
125,4.838210406915623,2442.156731506039,71.84562443455327,7120.296068792323
126,4.25637244316691,2676.908035599915,65.00155100851953,6906.938423287062
127,3.777509777894998,2385.135955984784,55.37376113089214,6349.283043864091
128,4.614422520759986,1890.0444118401385,53.27898338019857,5736.98037624353
129,3.4400870186630623,2717.4301991280095,43.36094223820256,5541.5198142440495
130,4.433747790207716,2532.0092259093853,43.14959756991162,5726.565851059859
131,4.4739909030184215,3883.7425071173657,46.286812063033075,7085.213468287242
132,3.6295554111192954,2959.7136865536354,45.13029248999439,7072.58911326743
133,5.523692372361404,3839.6787517985795,61.59476612006634,8769.658890768216
134,2.504899000324453,2759.7061499807023,47.40252124046763,7693.350358949436
135,4.715723967593666,1875.8918434550715,50.723406817385865,6603.526511533069
136,5.120945757171728,2934.9151317562078,52.95074479634938,7086.46324663122
137,4.143323086093662,2484.5166346264077,47.89604748903793,6614.26841565885
138,6.017026723667406,2864.251229747297,58.4866993813143,7454.937783108283
139,4.8423135879324075,2288.337058189423,58.83016445591081,7003.543836519273
140,4.483752827503067,2088.1024781525443,54.38166407566015,6307.170889758062
141,3.2626184434851746,2992.6480488304715,42.05754692008025,6034.642112487575
142,4.665843002120144,3244.5811525529098,43.78450293639072,6857.001882883812
143,5.003172983221209,1982.0142078451922,49.870075161292206,6387.355274047194
144,3.5203397678691273,2871.7100143242624,42.441764105082356,6170.498497778639
145,4.534086907493153,3087.100939493879,44.279267856905776,6738.824447910512
146,5.5093539835079,2326.306426216489,54.90228888982193,6807.951709430555
147,5.483701609439638,1604.042640572834,61.136341368410235,5997.0140849607105
148,4.163910890670983,2740.234528803492,53.19293070683346,5988.713325516118
149,3.3417982155265005,2651.839829443461,42.87126117395603,5714.206773284707
150,4.487079859352022,2174.4664529305983,43.74296155903671,5576.410266672965
151,5.11370324373355,2752.852524442936,50.27380910861105,6199.869574415871
152,4.395477010892559,2141.808000715914,51.37540966432957,5934.351658383443
153,3.024314783987129,3037.6137742107044,41.77479387038203,5798.4687404824635
154,3.2732988916041412,2684.2684181930317,36.726184853329734,5629.932654943075
155,3.6912962705241026,2415.8292555698604,35.70791018391748,5463.073117530264
156,4.724399227959288,2179.010911718863,41.24103390351593,5474.806545356377
157,4.622207025229611,2649.2698940095197,45.15490101275342,5854.256380198889
158,5.569952197384119,2107.0873047330197,56.287887571129374,5944.423388155801
159,5.5684644916921044,3118.6816631889483,66.92293509862273,6955.420324399548
160,2.8903149202586045,3389.559546565716,53.544116459416436,6884.930345734827
161,5.1577222466908275,3142.936266325857,64.05445621288088,7683.219484134047
162,4.606902902176873,2012.3706397346805,67.07205368906176,7035.4290155366525
163,5.013402648685118,2771.6085930773497,69.53519030078903,7206.570407874458
164,4.234948633275294,1960.6606466702503,63.01887129656357,6395.074351546614
165,5.122087184584109,3142.7096412631,64.40421875053377,7113.067879664663
166,3.3480595295476974,1895.8626873186504,52.457886140185316,6113.383823454184
167,3.7846271832019296,2586.2102671904618,45.88108660809588,5882.4242002279325
168,4.513707491494124,1959.7664114836352,45.55041012172704,5465.574315768056
169,4.618125200656206,2993.5005062047917,46.553803149118245,6116.9949119788525
170,2.646355898118223,2107.060809531989,35.83016590443931,5284.73639612476
171,5.579644367049827,2474.510085966348,46.22376089361864,5919.656932501823
172,6.332736449392971,2449.479304745686,64.25061089791295,6573.852080293969
173,4.63756335780833,2573.156337972208,65.02418698078495,6622.920869638519
174,6.635467752491017,1878.8756487047594,83.67493923387681,6491.128135356702
175,3.8836195782472,2918.0818568036434,70.6706693753645,6443.970859011967
176,5.292750372840381,2615.4774246036786,75.09217376180777,6776.462310270922
177,5.1207185778441495,3433.200725993268,80.32898633136062,7712.717670462171
178,5.518495059287516,3053.571784048566,92.93597210333454,8408.427171617031
179,4.595634612375695,2221.068657477984,90.71485077012797,7896.0839752427655
180,4.2220780885355875,1438.3403712947922,79.72374555508277,6527.997209772079
181,4.676692813596636,2456.078659521639,71.15591640402629,6305.074975078961
182,3.9719583316060874,2252.6028459363165,59.3466274770074,5848.270070942362
183,5.158481276260254,2600.3801971077482,60.79118872168013,6217.178407210063
184,3.486035596129213,2191.443202849609,51.03078579761415,5696.887220006008
185,4.114649272268499,2966.393809676282,48.67913370090212,6059.225437396701
186,5.174418288009555,2200.253657693078,56.57359784627654,6108.402300838703
187,4.50993278054328,2513.001633701547,57.47431059327153,6161.547018744613
188,3.483958403027069,2408.611896692896,49.823080264645476,5797.01055907554
189,3.5734219193636108,2032.9518044522797,44.17828287187277,5263.857119646221
190,4.388401193765536,2406.5309746285066,44.80033110112242,5388.37835583789
191,4.723301771437971,3073.546644928584,49.391997077710734,6208.5929650598755
192,5.320921380618379,1488.9429102759752,59.42653822292382,5603.472497214018
193,4.301831571713002,2973.1940942403826,57.16488794438441,5993.531748199079
194,4.648071570683917,2423.861609680344,59.35823360547121,6100.343465320614
195,3.8722260800319144,2882.073364008515,55.443143915174836,6246.664146770242
196,4.935600255123616,2873.306398937061,62.40190403776435,6800.273362426006
197,3.7380913753670217,2570.956116892019,57.90482430982889,6570.936464003712
198,4.746669802334006,2283.5198055734772,61.52509095061812,6409.640036259872
199,5.79804339562791,2614.6139127367846,72.89206362250671,6894.825485193231
200,4.807158665231702,1481.8087634896701,71.91605247379363,5959.412251796016
201,4.187953226226034,2823.0403561797557,63.391485188270956,6055.77924682371
202,4.4090921511532,1602.9879760900776,59.01761960523273,5357.522153313247
203,6.271568640986807,3064.3789173063756,72.38068687537852,6656.110084772919
204,2.936880578359501,2751.451239297221,57.732212849646885,6360.378832553398
205,3.6087022912088145,2112.5076946247696,52.22095480833825,5859.026673257343
206,4.692333258586318,2502.1537436902377,55.540219936838774,6031.431166653391
207,3.4288359147312018,2487.6927906154974,48.46979864800746,5734.863303630099
208,6.258251802713275,3656.597974747632,68.49366537248753,7765.166884714516
209,2.789662224560819,2713.2496236091356,55.930525801696376,7239.861696696087
210,2.501185052986056,1358.8723827182362,43.09678208035295,5656.3872734377765
211,4.146627904125065,1802.7389290954068,41.33333242258686,4986.52850200524
212,4.806289179014932,2244.1356152266053,42.350340612300776,5151.573927713588
213,4.207780885451876,2476.654700740252,40.811251896643135,5296.487865491616
214,5.884753080822015,2672.4155214489083,53.77832661160737,6232.24583865349
215,5.02338701453749,2964.459738330666,61.668241793058925,6895.804301152293
216,4.031683216803777,3380.9765577436283,60.379466676901,7366.757233138567
217,4.5664525830549,2476.9421774820453,64.22334538664185,7227.9097899416865
218,7.015584671087161,1813.5759811266025,87.8845841811642,6892.808738245437
219,4.863186469004937,2465.540418262539,81.12781447719176,6684.624075323968
220,5.917286687220304,2350.753976025181,85.92635659787653,6794.435645539548
221,4.7829592453999545,3054.064683797005,80.97741393044468,7174.956008496357
222,5.618982190968056,2448.7889327259422,88.49373977021378,7327.934662249034
223,3.841974789633532,2641.209013330224,75.8489728870273,7019.916260382172
224,3.559262493162196,2384.1368268734354,63.21507230457823,6474.769521780605
225,3.577125601917494,2346.74691404428,53.42822976861642,5971.945276030136
226,3.1490535263194133,2425.143782926985,43.057868207530674,5472.123260558586
227,5.773554929008871,2806.300106274629,54.199884275478055,6462.655844824602
228,3.5929610818005133,3130.599944005504,49.20100751709255,6599.387766534134
229,5.750325105955008,2512.897475785108,63.79262608613245,7011.748060109848
230,4.233086992485507,3149.726230817954,61.98959137718997,7285.148239859191
231,5.134870183311813,2309.7727860163322,68.0409251379525,7095.721785301898
232,5.290982503524873,1938.2722246648468,71.4422639085953,6529.130906125161
233,3.256579894108086,2501.1721346634936,55.10473659436113,5908.822660499107
234,4.586381994601292,2023.747077585895,52.08249354511415,5548.382085315991
235,5.066539318407523,2630.416381882901,54.316886716504285,5995.356800080779
236,4.845588455650132,2615.2286654280006,57.264012503599105,6298.116443260515
237,4.8616536129673165,1876.3522027706358,60.52157630540409,5896.168325637494
238,4.54927778296163,2654.611752573581,59.55166752796778,6081.264136207738
239,4.980497111005133,2578.6135416792645,63.65965098749416,6375.039333059377
240,4.29202999029398,3146.726456970648,62.50087624875829,6830.518855177279
241,3.9763394205584213,1733.7102388325982,59.10565959179404,6075.8882080352005
242,4.462036199425848,3044.8984894599894,58.95285830258892,6523.900754335584
243,4.207483761800267,1880.2646667750096,56.87776266881246,5925.098373771863
244,4.609406975161872,2367.673267896639,56.93425129236978,5890.540533412079
245,3.38432807913488,1683.2642645599499,47.459696442956314,5045.935201653836
246,3.8297575239559145,2252.2594093738026,42.47019608787105,4889.354075909943
247,4.38439050556311,2065.7516276965507,42.58249948122442,4843.060032137382
248,5.554108119961632,2956.0053675859567,53.479285347143694,5992.941596829257
249,4.91549445353182,2257.70563073427,61.60790977310126,6109.581293226086
250,2.5128123412122205,3931.9919938505436,47.75375660568244,6220.523538061431
251,3.8454216987503935,2806.6437040307956,48.00997920963495,6372.08424690467
252,4.806265642668053,2810.7826959008435,56.519077537741396,6819.797316211781
253,5.852043483126899,3149.2479494765767,74.62363516169341,7889.534027497816
254,4.580713392172087,2084.838393101317,75.79785062761586,7281.331648212214
255,3.9104889715453655,2039.6621056932067,66.02440139792549,6401.061475449041
256,3.8639437507797254,2940.599589112475,56.25433306690361,6375.273272756278
257,5.9689250787263655,2348.936790473058,66.1226267745066,6654.1348043693515
258,5.280620181270753,2111.0797252534358,69.14021992975616,6391.210717323557
259,2.9942650455036746,2226.0583802607252,52.292760867273294,5605.9269543108
260,4.6537532481241835,2452.8697909329553,51.28112431960315,5740.338567809232
261,4.395730288604129,1930.4218591424674,49.81331064398965,5358.872278057245
262,3.9121109234442133,2842.731670007771,45.69949285726896,5599.242639359744
263,4.49684406110927,2393.4893507368542,48.1164468667538,5724.249816063117
264,3.3458542379961793,2909.841563407128,42.63617470986025,5754.724529007972
265,5.446282125491276,3012.7909537841024,55.728257004159055,6785.633278601622
266,6.202334833680437,2657.9620617343758,78.01584861113506,7479.719848944052
267,5.1150327622531995,2655.5211968719123,84.13123340324931,7605.127608218547
268,4.070751591052332,2122.9826587650095,75.25142669451147,6907.193907444527
269,5.315256545907725,2730.0137989521127,77.86147148585309,7168.18594111049
270,6.210750534410276,2811.710696944596,90.79562672526455,7806.900648060661
271,4.412410049180191,1707.0781128136246,82.1380940825755,6835.421630697018
272,3.3962153035103646,2475.3725440269513,63.99446656639796,6192.744539884044
273,3.626543237315873,2608.8725339246876,52.494999629117466,5916.014977125672
274,3.534833974529421,2174.5114161499346,44.17074726316621,5405.124011412725
275,2.634453619187978,3568.091557729101,33.51694782442651,5474.711224030007
276,5.553390077518637,2383.2129646777025,44.98461164370598,6006.184786854702
277,5.449301620767179,3116.9240088341535,57.3616539522419,7056.970057375697
278,4.718327272259412,2690.59656298918,62.758095400812564,7207.54940834251
279,4.998195064513423,1922.697293012204,67.4549739068037,6614.438223619824
280,4.639877030939993,2393.3656076272055,64.5803191602563,6389.721830212854
281,4.82059634295772,3045.526385234053,63.92003558032676,6903.739669035089
282,3.686445980354489,1523.4619508951223,55.00709656885635,5809.531158120361
283,4.224471461507595,2777.7803114186427,51.021733970810665,5973.461098133139
284,4.146144516176365,2565.173317656328,48.44712532388589,5980.003152000905
285,5.111925547627038,2205.657039243112,54.39042536865871,5990.998326432757
286,5.345656623999408,2252.4721278064253,61.20639274411859,6079.38063812164
287,5.475674939807936,1653.739535819088,66.94760349800548,5595.752819888452
288,3.5435504775702427,2275.092784503254,54.71841030764966,5205.886357381894
289,4.731467323082058,2783.002218086703,55.32696605860973,5742.947683962521
290,4.633909164201149,2699.382445711604,58.66417943166195,6145.566703953682
291,3.959203996486948,2463.3299561680774,56.9592062733599,6084.716339598384
292,3.339747251730092,1465.8747495327968,49.74489739102704,5168.019189680963
293,4.546839158402028,1928.3838725769372,50.64821645069107,4946.580095450349
294,3.6279219362619535,2050.713610874468,44.58350999503784,4650.188465889347
295,4.147615432423029,2162.9113583443395,43.49061613460366,4678.912954962369
296,5.24193490954103,1478.0829365493496,50.46403383370707,4413.598932879712
297,4.698258933681977,3101.2300819299835,53.562506646370515,5315.041748431514
298,2.9019408248663248,2905.1404709110016,45.685027468191954,5385.83729536727
299,3.422649176170342,3718.891957312967,44.88680326153885,6131.454296095516
300,5.038623832776661,2473.491371570465,59.92670251255009,6528.915679536322
301,3.9435407996091274,2105.0728685744016,60.73044703741631,6123.927182903017
302,5.419269922428184,1729.283926136727,70.12006699624406,5704.888005516589
303,2.4452512506655313,3009.4720157854745,51.46678423237993,5314.648698470233
304,5.308140274942662,2104.1636306375985,57.33860994165175,5451.367844417134
305,4.613820392771064,2875.331199260867,58.902207199651954,5991.29756584263
306,5.033290196902609,2181.4627322802357,65.63028457612039,6026.395507735708
307,3.1465879601941156,2192.2200706573267,54.692263788410855,5497.486169211196
308,4.434267391307131,1738.2292494274436,54.42616976053824,5050.393983732577
309,5.184172119741023,2198.2066199773058,58.91575995926004,5257.973138887272
310,5.934237586089366,1993.5951235202592,70.26629317737951,5432.7050566189455
311,4.825514555731743,2599.4594238373948,71.73655693755114,5777.246735527859
312,6.00790058753961,2369.423322991787,87.3748887105548,6246.589572012059
313,4.188560738864727,2795.9743945727323,82.87486801570626,6453.834278845644
314,2.2629980887381507,1960.8302792847876,61.164714226473976,5699.198479879954
315,5.815354197159163,2125.5537678425826,74.16718263617086,5890.0624331950185
316,3.380664012412365,3306.127652532277,63.38886932028533,6123.476560548422
317,4.476156620252482,2522.656104116282,65.3915062892061,6283.414460461164
318,4.9950209271062915,2773.1386639414895,72.6946190536376,6746.979282824608
319,4.359633483388927,2277.830687023155,72.27865902491706,6521.5385332744945
320,3.7338867266953897,2588.4513205016992,64.48905409840577,6296.153595015783
321,4.352537065699498,2427.773036901391,62.56503659630532,6195.014205952799
322,3.622696902961213,1436.3621833188827,54.26974417629006,5164.450370841131
323,3.7984862142512457,2923.9576475387366,47.864681635140755,5437.536403852136
324,4.416155036692579,2711.6578027264427,48.750532823750035,5828.73299243515
325,4.429207598762821,2557.3976784251963,51.53647875272782,6021.124909468693
326,4.532552143812388,2220.9071666934638,54.722698779605345,5900.48281544693
327,2.7080844607361225,2067.9995310032914,42.95320668013841,5122.793521558251
328,3.2663865512046932,3508.8117394853853,37.380586053949536,5614.80367862348
329,2.06658842883311,2916.5642619562914,27.702031433599362,5092.015434799212
330,4.099164370327383,2965.319190273509,31.48111580170143,5721.32045125927
331,3.633366540237639,2578.9192261329126,32.86233666255353,5645.2794183828155
332,5.380340387403226,2443.1079865305624,44.93064920473103,6108.279631563577
333,4.132745799738224,2782.13641510459,45.890930761675975,6251.749949515325
334,5.982141710074056,2741.125225246723,61.61543272313418,7064.555039853827
335,2.536981279993054,2110.111866809865,46.27045726984477,5970.366795418878
336,5.728767795463824,2756.6205723554604,56.75122001476401,6743.813171031579
337,3.10065059222669,2101.205681354267,45.927331338468925,5851.534118411056
338,5.952461895981898,2235.089223617813,56.63142667294599,6128.8278613033535
339,4.187889742427819,3131.056361348653,53.01084851686282,6518.199111207078
340,1.8497621654024954,2423.745233527326,35.403711058385824,5462.808561861676
341,3.8446362912886722,2376.942354995665,34.01997363519099,5320.681762466096
342,3.578202504138311,2270.5325639642892,31.708295281804197,5034.125459597582
343,4.2796424280117735,3159.097925416766,34.43275283826392,5882.781896588501
344,5.485448361435491,1616.7785359992617,45.95382239989465,5435.909850783455
345,4.322277445483323,2619.218105643353,45.60869541891843,5622.84377165209
346,5.1378563894627565,2745.1495554842522,52.40386572432023,6251.200413713902
347,5.8139780867879205,2273.7728504991996,66.20152363142849,6496.073080430194
348,3.5833048737428457,2550.8562856082294,57.19431606207202,6180.031673931575
349,5.399862042166794,3292.867552817998,66.5643129224577,7272.694575724781
350,3.8410562673908037,2068.430393945412,61.52165716186365,6659.997338061407
351,5.420874250831961,2911.4943536604633,70.43928711584809,7259.558015375007
352,4.564560630547454,1618.2165274332951,68.67387393529552,6325.353069837425
353,6.1282224089438095,1825.2518159384967,76.6646458889795,5978.299286218975
354,4.192351280971944,2434.879028576199,65.41693747232479,5772.839762176794
355,6.176437256416341,2523.069992706464,76.02588000649519,6387.534601434641
356,3.7156242768405794,2578.454352489917,65.49335969745476,6222.071549267104
357,4.628444555149654,3083.023491255168,66.9242605945612,6790.231483455247
358,4.810698565852237,1942.259767111127,71.0736881539296,6428.74479199379
359,4.843790329548276,1654.332683962119,71.56196486697051,5761.669483366122
360,4.299937742542145,3180.8551232789473,65.49685643777333,6233.387145812652
361,3.7213516550104915,1932.1437756477487,57.66714235456106,5694.866509066498
362,3.2354063310582655,2183.440768215387,47.91554748958509,5207.361832199791
363,5.7595969220395,2056.0442491950125,58.23516273874175,5429.576798580692
364,4.792336977844467,3717.5168513554227,62.16398572832353,6702.625131150466
365,3.8917274874521914,1290.567637322402,60.028606933036,5800.021893695996
366,5.566344129643921,1814.9028633463352,69.09657856954759,5547.551104296694
367,4.2714701724331166,1855.8687337894576,63.15277203784924,5108.6661304352465
368,4.963177551873168,2496.678979482815,63.95414387808243,5463.214518483006
369,4.079344817566512,2946.9102893426075,60.449211379304366,5862.710803404452
370,4.434478644554113,3220.458734637963,63.85579514185954,6599.157976827337
371,5.082051941675806,2427.9032192939494,75.37355764018871,6835.566916667099
372,5.644853643317528,2237.1800701273187,89.25649504291599,6880.684787567373
373,4.839120538783702,2195.560781431785,88.38756307210932,6612.239027421628
374,3.5879454624908935,2648.8788856394917,73.54858346276082,6334.534142812702
375,4.261452576322665,1782.791056822697,67.33097125909475,5703.514052420949
376,5.3966508860170945,1908.399131951092,70.26558524732837,5506.218981103225
377,4.058773888334166,2430.5753884897763,62.046681910145644,5438.525746405032
378,4.8302230758055895,2874.3688309946388,63.88224071315692,6047.7720115125985
379,5.151116143084438,3195.7102876845074,73.14320070867397,6994.957068486556
380,3.4505588074547617,2441.396174500676,65.7707971895882,6706.219681872653
381,5.834990657842145,2173.341410284515,81.12907085790349,6741.27061754304
382,3.2761461827587484,1162.197058063667,65.89425388138919,5430.199063753611
383,5.0806671217887285,2701.8520750045554,66.03854035622794,5896.681450172401
384,4.528945414217002,2779.505394057422,64.24077373348614,6235.351073336568
385,2.433080188165219,2535.900834225346,47.960355408034864,5648.9068526724095
386,5.291546436196164,1477.5522967001625,55.15389043075547,5095.813416017046
387,3.1454594100144795,2455.7484480340745,44.79807159224142,4822.078825902845
388,4.426352782445116,2070.8652988422127,45.05276288651729,4817.895269623653
389,4.463911502416821,1846.5233295914827,46.33238969854382,4652.9048313180165
390,5.683250214663984,2737.162170714364,58.0164816052001,5629.088305943243
391,4.327293996410477,2677.4271455278385,60.59650751262933,5964.301780862673
392,5.297686320218201,1742.8967457038705,71.81342573272713,5727.70245414966
393,3.2240669169025082,1640.654418699479,59.87168631124914,4983.386322125025
394,3.651006556337236,3216.8201095225068,53.19508116096836,5423.912055113175
395,3.9263037006864865,3366.2909307626333,52.500246229449836,6137.990317978626
396,4.003625472027828,2934.7552319301335,55.16847228013228,6514.602972148899
397,4.662068267285907,2716.563672658148,63.63753963282882,6837.377907033053
398,4.801909830157379,2093.573396796093,69.98355993196797,6523.121364677154
399,5.049253768347666,2571.321790564677,74.12561056446718,6681.170722392465
400,3.6887372622897607,2829.440386931873,64.35088711904521,6555.379513279468
401,4.118839993953037,2857.8721274761747,60.34830105367936,6661.784200752286
402,3.326212933475648,2923.5602006819813,51.397153763522184,6464.942700187977
403,2.8334284798770817,2607.5793403455436,41.183102713607504,5855.276795000679
404,2.250648532998829,2572.7983366894046,30.31663583222543,5045.451970424958
405,5.4470317041127805,2375.480611297381,38.924395837610106,5642.4916077901025
406,4.707879596473427,1823.3100666384914,42.58895151927443,5219.8699348597
407,3.9967157165339016,2278.0789135967966,39.93616672673986,5079.670854422171
408,3.2729042366149437,2561.906650635914,33.98933110095077,4951.979273887472
409,3.5042845665377937,3439.7785569777175,31.86578540090448,5621.333760401728
410,4.492981066445454,2469.276125573327,38.254658461494564,5856.895703637596
411,5.010441997649563,2939.0210276589532,48.41492237594861,6620.3120139464045
412,5.835883544823224,1980.3413262432862,64.10844429248168,6465.7207427478315
413,5.117240285316861,3448.091591650486,69.24953108660888,7452.575156706979
414,5.8951493096732595,1227.369557668289,80.92670452350664,6341.211240451091
415,3.8721014011178245,1927.7458162227117,66.21167537851757,5533.62613416716
416,3.792801656259736,2483.931961066316,54.09276528816289,5347.957438311339
417,4.8172742665986386,2018.0798661112283,53.64448553095719,5245.8336859566425
418,2.7920501487750213,1892.0569280299496,40.96780342845044,4574.2382792063
419,4.878645147213384,2593.01379696203,45.18736184811085,5200.543209902937
420,4.722811290310755,2296.197270823886,50.73217536547797,5430.10689365087
421,3.506543908201522,3082.506041493187,47.06972147320177,5726.14064414512
422,3.129835135256479,1810.9589925447387,41.88251359329774,5119.2624853332745
423,4.234246254783186,1843.6534047091377,44.04306233394848,4823.119128541271
424,4.530852775573683,2422.4518867621186,47.06825187231993,5124.4410819387385
425,2.0739983728178566,1780.3990104952804,34.25605309337887,4308.952391730418
426,6.647822094252032,1701.4750086029858,51.45658586164242,4623.612555368479
427,5.818798231767029,2976.5727638096405,64.61649366236108,5806.890639978904
428,4.588318447543878,2804.2827127619917,70.0498780017173,6317.0677867815
429,4.969648378355285,1971.572363909851,79.12169186953696,6196.680819438682
430,5.538387884068047,3031.5351813945917,91.47664533206475,6995.809588360363
431,5.502702685162317,3332.5364794155466,104.495393129622,7999.463205036664
432,4.897968551274555,3646.3368980235227,109.96410537747707,8959.786821600544
433,4.698195989663243,2924.4714029399825,110.86568966407044,9140.558062216376
434,5.810895969493997,2757.802815332543,121.4814625697003,9253.584864653263
435,3.1434367026843275,2278.234029923943,91.82614147254579,8015.028696329434
436,4.195726152990193,2480.8482002140704,76.81551828331236,7286.288314735756
437,5.537962084351388,2195.4410190515846,74.90141627987964,6890.689686509578
438,5.354905673207874,2884.7409136482966,72.69515908785745,7282.659062829463
439,5.001544608516833,1976.4164239338495,69.76183662517151,6645.994151809206
440,4.745329324166995,1734.163660055161,63.76402515753297,5815.497892090987
441,4.7455735786221585,2686.7277888238636,58.764273519791296,6044.44729118867
442,5.897364689606259,1436.093781540283,65.51110129866554,5421.89246286428
443,5.2181458422437865,2062.9546504667765,64.64906480464738,5332.167374284093
444,2.673868602922242,1643.3164291019734,46.63804366444657,4501.109843130397
445,5.360038584300928,2364.9369607234103,52.08757099181825,5041.498558356797
446,4.882767122864081,1983.5945870116543,56.682741641023334,5074.918945024083
447,4.839343285519034,2844.705364981635,62.137023591319185,5716.0206375935695
448,5.2350347234905765,2209.142807133816,73.3844649597922,5947.226489455078
449,3.953269689888444,2849.8432084743636,70.1450594559959,6171.131636034097
450,5.8404560318980385,3399.5695968517,89.98442713608888,7501.074615621816
451,5.900695347941715,2925.6368263165477,112.97154111547498,8310.293774949761
452,4.09835032524214,3231.2830629440728,105.40559872666772,8566.563186349855
453,4.276754510030996,2235.4282180921828,98.1624227884643,7991.131287677636
454,5.704939123729563,2340.2797722212954,103.15165755654883,7743.22790502607
455,5.553085918285085,2554.877118531099,101.67122569817508,7679.584100522105
456,4.332988657785305,1827.335292509334,86.2597663230429,6698.143808774645
457,3.4391520262397988,2083.0727309633808,65.68126784889351,5818.405634798626
458,2.8915237215447736,2474.943223466918,47.613793362842124,5231.503229315317
459,6.9965648412574,3063.4794351759165,66.72845617804481,7027.122255928258
460,4.916447478743823,2460.541916478896,71.84469911778122,7077.04535692816
461,5.655749498184914,2403.8643626279913,82.33499818398043,7175.4098895916995
462,5.55871265643475,2448.679233158295,88.214071128448,7222.441473799154
463,2.947138948722528,2722.5528562850277,66.28102200971223,6623.391289997185
464,4.342694673588077,2228.542000812374,61.44378037124388,6246.842914490243
465,4.904406293585802,2354.5494621877538,62.055050052225766,6213.63254834675
466,2.4788091916877364,2435.152466647834,44.7318557690058,5449.521693270768
467,4.189868638136639,2357.9781726454717,43.050650956471394,5419.368239306815
468,4.093327108645782,2002.3046219528644,41.70641437990348,5092.4782491283595
469,3.90480524860501,2449.1933670428402,39.53349633923234,5127.430535489947
470,3.315459440465964,2179.3888764867793,34.851916549539716,4796.628885924446
471,4.1767650190516745,2946.0061553560736,36.93536867656449,5445.894238683698
472,5.269042049314761,2782.681666847652,49.289149909102406,6280.569847895845
473,5.209035840879292,2290.805880007852,61.02871702020282,6407.746935616406
474,2.0743809521673358,3792.882255512645,43.535040678338135,6088.566051831948
475,5.23205840328492,3113.9316289117196,54.54459621398574,7078.391082514005
476,5.847070271440886,2888.9662694785875,72.95984424105251,7842.785965451925
477,3.053075367422661,2599.3640879605728,59.36795848426061,7106.471236664947
478,5.139604545271571,2330.2296779799867,64.17077251631173,6892.956480987435
479,3.6599623603009066,3045.9195964125147,54.40981220399215,6758.621972424013
480,4.451808791585308,2603.918046054587,52.90641366153382,6673.478997254602
481,5.025347704198613,2699.13302811125,56.58138952760132,6917.60227753231
482,5.764213773547592,2137.1257708808935,65.77296107439655,6739.960378730517
483,5.756290752632096,2644.4873193176545,72.45535829809987,7101.157639866691
484,3.7684257299185386,2374.627201019668,60.65274041690306,6527.443975219711
485,5.246969661029932,2372.9473184713415,63.45880486491549,6536.062533403024
486,5.250103301965678,2585.8746162839266,66.70863387957458,6756.438500385914
487,5.309227423491207,2478.740443912399,71.11893596635487,6869.528749161844
488,5.112346512404709,2592.9025030370362,73.3937841525398,6995.147984605732
489,3.6427862296424585,1966.0611138269117,61.4686790797159,6188.017374592835
490,4.2442595064717645,2247.3038808426545,56.185885805192285,5855.140212118697
491,3.433715267097945,3199.0670246811505,46.75381962655817,6005.409096258594
492,4.391985413768387,3341.617428602771,48.75312860934708,6803.2098946640945
493,3.919129223855286,2502.9686106294953,48.55026484743975,6583.571579309922
494,3.8377541880025365,2761.269813586644,46.781754729209275,6480.573665359699
495,1.6070737613341026,3055.9979964792537,30.56145071389148,5449.088570288432
496,4.9026421906753415,1846.9299643451832,35.895653578744486,5142.985756302608
497,5.100606972538666,2237.5429279201057,41.121694835528565,5375.754184613615
498,5.469868484184758,2771.497170022972,49.793248728203864,6227.379205022017
499,6.91055654105525,2404.6708978930897,74.00063448481666,6932.446822401651
500,4.096960841753499,2761.765947703285,67.7209689952742,6859.102931919636
501,3.503858534441357,2374.094643117949,57.197569942071965,6335.582475634876
502,4.205316538969954,2662.166809384907,54.35487702494701,6335.189116436561
503,4.00399920157442,2167.9811401072534,50.57276550109049,5889.962283012625
504,4.639588137482319,2406.370199061355,51.71032410614819,5921.710738075079
505,3.8660324408126465,3015.973555935715,47.586541212607514,6162.714010198446
506,4.224597067592232,2489.354285358136,47.99252124111609,6131.244232767803
507,4.5332612421942775,2390.3697538598212,50.61419683761113,6095.453360344278
508,3.7563693193044316,2997.9136146903606,46.712486510582494,6240.183880163488
509,1.8861065824369856,2815.3322134624623,32.118256904447165,5395.614750756768
510,4.33303457221965,2129.4766670616877,34.7575774717204,5243.101933045265
511,5.520733662538868,1831.1418374478585,43.85594854467851,5158.0311226522035
512,5.563369680406579,2578.6346538087573,52.30505639594091,5855.349335813583
513,4.710645997497293,2949.263681212651,55.71491431843032,6437.977105262635
514,6.20463212241386,2159.650259917471,74.17892026537926,6642.920833171792
515,4.707938854330974,2589.1348414227555,73.87811343027558,6688.125576510781
516,4.799090399113299,2915.0003962838223,74.55823161064441,7054.903670056297
517,5.086907283973282,1950.9306037073277,78.14441311187318,6639.892600037532
518,4.778002900994649,2541.8353226964336,75.89663446613325,6623.89417967686
519,5.403402336203074,2589.3306442665853,80.41716686833108,6892.631369257949
520,4.532544181654326,3334.9059877597865,77.23407174407888,7452.6535985491355
521,3.7511806715553337,1782.425035943691,67.90194838978157,6587.154400656707
522,3.579903012432076,1860.976350729516,57.21463764750923,5698.144928810899
523,3.4686269738280027,2220.1592349108537,47.06843713939982,5201.588534297327
524,2.6096137006777838,1845.110123610707,34.76549811773536,4369.566876005496
525,4.955962272077467,3382.722178433386,39.73768298890205,5891.356002387554
526,4.384592802434459,2268.289576939075,44.7197607193964,5878.751748478165
527,6.517652477226783,3253.643835096906,69.47438239654251,7548.029795279109
528,2.528342415161927,2283.954073875605,53.67233232553281,6692.935754963612
529,4.953590375940918,1674.6081811666431,58.88855451053499,5933.528566244736
530,4.738935170078166,1706.6364373218594,57.22662889541387,5280.266951392445
531,5.491109433470102,2910.301778342781,61.148183779958984,6169.417941520416
532,6.0096861122154275,2304.4116884078044,74.21592460709407,6507.565752732154
533,4.11409170751708,2685.2394897679374,68.28147614106378,6490.68295205
534,4.380103105335659,2909.717565265752,66.60867358927928,6770.7323848881815
535,5.678688612457888,2158.7318448707406,78.39654347175717,6755.275023295347
536,7.030641147447099,2664.521506885268,102.99913410047222,7528.687549129317
537,2.7685659659290387,3720.206261388289,76.58191562882847,7426.7484590169415
538,5.162853757609687,2002.6373206781645,80.6445842157172,7010.839727066995
539,5.517678270135491,2592.0282002761423,85.62763068868182,7187.576413527598
540,4.220338576041215,3262.2435638503166,76.78937420587155,7468.011441391591
541,4.22931124202864,3009.5713137743796,71.30526962822724,7584.167197777287
542,3.8064932485734477,2713.593746844938,63.247861045802054,7243.091627727437
543,5.5087755898394395,2765.010173920042,71.53287563725284,7603.80644224892
544,5.66254067214557,2567.774438552921,79.61768842295845,7703.661152535181
545,4.9049823250219955,2217.088302898314,76.61345934647733,7156.779756190753
546,3.720887819251716,2143.72995449216,61.84070236183443,6281.619645850984
547,4.313971637211948,2495.4851220896726,54.672804330349,6098.347971727087
548,5.22422215007338,3495.9556916582687,58.871758235832054,7346.4708632504735
549,2.30571865430284,2773.566618329899,42.31323406801448,6529.40188647745
550,4.315569398050833,2143.6973060430614,43.4311707018842,6054.761874052285
551,3.9604911083188767,2835.2546370050936,41.13077462365372,6128.923243790985
552,4.091410856981042,2476.188612614296,40.280757765153005,5968.631071468496
553,4.159807735943789,3067.6827768644443,40.4058166457929,6392.160908212384
554,3.6433288478885957,1172.3251724796407,37.01481400445307,4973.3331811436265
555,4.279570387683367,2099.275048853251,35.78916494919804,4813.559554774262
556,4.649375314547916,2327.8435616183187,37.23106151873002,5079.314687836162
557,4.8507037743041215,3019.26223869845,42.46443272875002,6003.897489432204
558,4.671865005324766,2688.916263197343,48.76776384645489,6387.15868486679
559,6.01348211104999,2935.291374318591,67.91025853387181,7387.923122769895
560,4.355675185385916,3315.59988108954,68.56678371611333,7850.460670927048
561,5.87576658572583,3070.3947574622484,85.86082474394588,8633.952715616131
562,2.1901812615963556,2076.7705766660806,59.339531802069104,7204.689630962172
563,4.749096607353939,2345.6698782001,59.09048976986752,6794.0603271064
564,5.859538963734461,3359.0511988279372,68.38286180449407,8041.955731570622
565,4.2449252467499194,2984.578273822744,63.84619858245196,7963.782452383006
566,5.361303398526612,2513.2330919829287,69.59347523407507,7801.072695238771
567,6.421616731051152,1714.8760055635462,80.45829994728575,6947.648732020402
568,3.444887351239992,2737.1837283184377,59.81746195754552,6335.372630061917
569,1.2967426130290889,1589.7435059846775,34.00129143326542,4660.217972706477
570,3.191850332187543,3261.97049960809,26.665353183183523,5063.200908355741
571,4.897127908832641,2179.1650407564234,31.9979219665377,5276.987971149662
572,6.189776062370707,2578.274776367115,47.96173795748959,6267.713764221129
573,5.640501313040978,1912.9709436491753,59.14696066855701,6059.629517467569
574,4.849700435703171,2217.058751301439,59.706050468892485,5909.356747912524
575,4.976374207248981,2389.3195675890133,61.21341384305818,6011.495743081713
576,2.885165960461804,2562.33563768956,47.02757467905315,5567.382979662445
577,4.484833613819982,2422.399702159738,48.52472129877024,5696.968682777937
578,3.367669139782839,2473.4820508753587,42.54846149337333,5462.537761709129
579,4.519393434827101,1970.4235469760406,45.70432779056472,5256.583780930799
580,4.0916969423310094,2590.727426529999,45.06507664851256,5430.1968888857
581,3.5184646384452796,2436.1696109677073,41.23689398849496,5296.863001118219
582,4.900297025028165,1541.5249997403967,47.16492836797353,4849.214546122471
583,3.116913986349925,1708.3774100214325,38.90388500283597,4213.689641282911
584,4.305842880045789,2001.5389999857289,38.87071870807308,4260.289154233498
585,5.0154378374883,2117.6653486958485,44.73850413924106,4603.659006184799
586,3.3997538168032517,1920.4501279672281,40.52231729880331,4338.449837201491
587,5.209863582496431,2621.6303596116486,50.57210815186172,5141.854233304602
588,4.432264862606751,3683.100241504894,57.43654191740897,6325.168350134074
589,3.969495413997085,2895.2866991381616,61.96078142333635,6732.44929188688
590,4.3316727433494435,2262.728555297871,68.2509495408341,6613.761297533454
591,3.2126861178451813,2087.7002688956527,59.53529480049984,5947.040960503698
592,4.332185554122518,2244.8124169187054,59.08899704778966,5751.778676624167
593,4.881434148255155,3021.9957379391954,62.716694390079006,6460.834184916381
594,5.963820074598636,3087.218538288393,79.82205889330547,7561.057510052397
595,2.503583102426863,3116.8480209867166,60.979259089166256,7098.235245110496
596,5.224982392310496,3182.484792491077,70.4976380563769,7877.34956036881
597,4.360834696187477,3448.2989974664656,70.57144713590094,8344.682272854434
598,4.333429366292223,2202.280234752682,68.50367242734615,7530.893401237697
599,4.17115032595268,3049.584999904022,62.052929846348036,7446.355663087319
600,1.654421214227495,2725.2509864589397,39.199881516297765,5934.92850010055
601,5.086629305136901,3222.412702948195,42.89620036048851,7046.5600781067415
602,5.286682995494633,2246.953739982598,50.16929718360591,6793.606965340876
603,5.976133325703929,3068.1548517065494,61.65470447396778,7801.641374909697
604,4.8018187923568005,2400.564794927298,61.79627812840473,7368.3576357581705
605,4.575416837495539,2550.6672803938873,58.148978838287704,7035.733192093997
606,3.6206833425114615,2240.007746989948,47.38455112701182,6179.444172086438
607,6.015871583590167,2641.6896712023135,56.37363101845315,6847.561572644026
608,4.268216335380508,2553.6700144730776,52.13171477338574,6611.405576954406
609,4.057740331166003,1997.1367204026105,47.045364102205156,5888.37834685038
610,3.979325755288514,1963.9371019919834,41.74019918256072,5272.729823766417
611,3.1752782939810387,2284.3520181406097,33.08043052809222,4813.550299799581
612,5.007010293345843,2253.036198987807,37.46383272058462,5151.612577357831
613,4.68438574172198,2479.6294093933284,41.30825799157324,5495.055085463168
614,3.4908621967548683,2354.8984055704736,37.55116336548316,5265.2283443150345
615,4.401906207658487,1758.5458341013364,40.17595423731544,4895.456078853695
616,4.415134535466044,2131.2206110652482,41.64982787996401,4892.988661706764
617,6.299403166943917,2006.952605837424,57.12605548526883,5287.530803000548
618,4.736198944698675,2396.4698543623163,59.43276956988318,5494.059452458838
619,5.9363107778644375,2615.062366336775,74.87750519281003,6226.011408703265
620,5.201741599807879,3681.987758669604,85.5148064357336,7480.107938900733
621,6.9665852095753955,2288.2459641134565,122.68566319543605,7957.857193609642
622,4.779927337321359,1878.9495162751,117.58310371808781,7357.948352898388
623,3.9478876278900152,2689.2258140953445,98.58887135202812,7052.85916714497
624,4.611352237829582,2316.7542139692714,89.99533610338156,6770.927903128691
625,5.070370646818224,2346.914769090117,87.59140675520405,6672.187035951357
626,4.911331117586965,2946.182740025514,85.11025189164353,7058.649658385858
627,3.9035525154305573,2227.215912482127,74.56418140660381,6604.6145520279115
628,5.444115254740778,1692.9175275312778,78.93703766194493,6036.030769163548
629,5.701705621360227,2713.6156526550885,83.5033378355438,6549.180149048708
630,6.45609798168576,2990.120332246758,100.83457544784865,7556.339849585969
631,2.59677856582058,2395.2418780691096,74.8361631862998,6891.6865098157905
632,4.313676735354292,2757.4075332221987,71.37416237842231,6937.269740157605
633,4.965141528714971,2030.4501730270413,73.9404834762737,6541.20593346629
634,4.9558655825404125,2353.1966850611234,73.72535978129494,6436.922570883298
635,3.6123831534375115,2577.6946711947985,61.536237298280916,6127.097835170585
636,6.2130949294938045,2705.5294849987313,75.56602285476686,6921.808854951629
637,4.0716494871192594,2304.592986805182,69.06043806267186,6555.88761989843
638,3.570900685577677,2293.2336059492895,58.71501046559826,6034.716767401128
639,6.3052910550247585,2808.6958302360667,74.2517564923312,6993.230865279788
640,6.412361416766307,2852.138375216656,94.17563925723499,7830.735766812927
641,2.9808597065887303,2405.914405072702,73.07645288201476,7098.020834745833
642,6.210922981836933,1844.5813622634132,85.51345194897944,6678.071111065572
643,4.075428878695736,2336.7672958516255,72.36140539622374,6208.59571688832
644,4.156163167932059,2946.253654837983,63.38187209896404,6385.05921040214
645,5.122972046741079,2091.909200151208,66.37760315132114,6211.4656853714005
646,3.4514084510778513,2713.1702678302872,55.24179738110918,5985.978541053978
647,5.044453478434164,2608.4532619889937,59.9664626619476,6352.715813184609
648,5.534325516466684,2206.695378679181,69.62556178831333,6408.280774117269
649,4.524022820705288,1350.1605805198922,66.47708864749927,5441.483992981667
650,5.3037548086261985,2643.8434660178455,68.24482561013023,5902.659860177847
651,5.4795472849835605,2468.5586137383293,74.74662899541934,6269.04780075806
652,4.777049785176692,2101.5343171871414,75.257321960117,6094.308391076728
653,5.939116543025358,2751.4870130498357,88.075231159985,6772.9878080856015
654,2.920884041568578,2113.402659812678,68.99421752613544,6145.256107031752
655,5.942914863440237,3269.056128934229,84.29730890034253,7366.171213621104
656,5.857336814938061,1999.6576055723676,99.81940297557784,7223.6546849305205
657,4.010595944540348,2577.572027062123,87.61666999171499,6933.390780315909
658,5.264689802107732,2077.7574617344635,88.81534163473746,6629.879435656575
659,4.707674411547987,2370.6360699536144,82.7292718933417,6453.767912894042
660,2.93034620513723,3398.3873379166926,62.8085491147264,6375.402175468012
661,5.3104975820398295,1960.5010533163027,68.55752343848461,6154.367652882031
662,3.9880399374215982,2909.5435406976017,61.99159083325519,6284.40741356941
663,4.839335815731728,3140.7213898690507,65.69368841618525,6998.312351535003
664,3.4553256790824483,1883.5093674781772,57.507470466058656,6194.19363746683
665,3.582899207093105,2000.0181466880124,50.342048478498036,5501.614983595009
666,3.580785046294512,2655.035829299736,43.81186241694063,5428.2694110265575
667,4.400123279260809,3079.260682978832,45.22228695132742,6122.318727585227
668,4.940403953742676,2396.793424673005,52.76859331410831,6284.587693893761
669,4.148440662000006,2490.657263966094,52.3252852484578,6167.49150319507
670,4.878711467685775,3869.4748969871225,58.65356913480212,7605.541877938133
671,3.191346029369056,2567.089566160744,51.126318952731374,7047.51358353162
672,4.8632293071058275,1990.9380779020262,56.474777305175444,6452.110654738566
673,5.0831331135879685,1931.236986419849,58.66994826319062,5936.002221031112
674,3.8857625568142575,2132.0077948227654,49.778028975246755,5400.624558420927
675,5.368713952850335,2028.2564881668316,52.63732809193434,5391.072631254135
676,4.363393606179839,2468.3986283362046,49.5821643184131,5486.854940657429
677,3.9677463715759758,2700.197716679064,46.26775116847543,5654.688150402942
678,3.8422455231968904,2123.9498883584624,43.99152061643728,5361.495930466323
679,2.700563555655431,2139.0391803090974,34.88315628964724,4755.496234248145
680,3.1055417280596194,2754.796166265172,30.386390326315187,4798.229225317763
681,4.197609247031958,1896.2044795277743,33.331354222721394,4632.891332335432
682,6.030230067482183,2237.2755785240092,48.256873684549596,5316.374844638012
683,4.5159727043084255,2578.2534175586175,51.792948311728324,5642.008883014968
684,4.773289156627934,2284.1425050408147,57.560407024734765,5765.633117337627
685,5.080309739489137,2754.8603860721105,65.68290209613855,6323.11827924777
686,5.951347194452781,2444.5141027640702,82.97186301226122,6774.19095466851
687,4.914325796283234,2680.220514265268,86.25494312848978,7004.117392601474
688,3.9623196797656566,2367.892879063473,77.86269187218333,6689.499164254389
689,3.1116250708674675,3303.314390540869,62.8228434934769,6642.8426497829105
690,4.730394759392398,2072.617313863251,65.04881898785685,6318.672472676342
691,3.459732142075363,1495.7756344534903,54.74912105517061,5249.103830545162
692,3.5339778608225307,2596.047214261075,46.026672524850724,5150.184219837256
693,4.396299080548435,2819.99083179116,46.015211607319344,5670.545991904104
694,4.698855530855763,2699.0273535405086,51.10833149990873,6124.88406006907
695,6.6732763643986495,2187.990850607842,74.64421769114719,6538.841628362341
696,3.0030771109715486,3352.9233743274654,59.67141200480118,6475.127940553499
697,4.124563603946826,2227.3871497692903,57.37428138464104,6160.075583283099
698,4.760635243089329,1755.411977614968,59.23957907054703,5604.308420037072
699,4.957807301011263,2910.700195094487,61.300283491543674,6222.884188597566
700,3.7953231192632484,2444.8366353205715,55.40312391497438,6021.600657228949
701,6.267194399737331,2541.799070140105,72.79313910131728,6708.884554559699
702,5.117033103408517,2269.1867108566626,77.59876343290608,6638.021047677127
703,3.764297771056335,3100.3113081382307,67.65487691198871,6730.371664973842
704,5.14908315416283,2580.1683508078786,73.33661099270209,6965.636857376202
705,5.102926888189743,2600.4754334150584,77.88122143457456,7121.458490507555
706,3.4070870970622815,3184.6605691726936,64.84610705176195,7042.512380792028
707,4.392835273122948,2809.38842083119,63.61517925511301,7129.661827264395
708,5.007091753346207,1665.072574495966,66.77853549444067,6283.364902084471
709,4.227060315528572,1883.5413054516318,59.22729951182037,5559.334640816192
710,4.848893784640938,1536.777685046131,55.741821874648615,4882.777885447321
711,4.834676195359647,2105.9411505548173,52.71080609068114,4898.5730774358835
712,4.398167471554331,2696.279398531016,50.20924516882169,5310.820828158083
713,3.647546577109619,3461.2480356639385,46.46922741731612,5942.164624912997
714,4.8161599146277645,2548.951240581915,55.866376855267674,6336.474814664422
715,2.9325909355936615,2603.453695830016,47.66438151267873,5977.5458954454925
716,5.200366829881413,2323.1921901887513,58.162474715750626,6166.99158829179
717,5.493878031140105,2659.7772401726816,69.3809281390384,6683.414124460195
718,5.112054516844207,2172.8111806308357,74.81836933526752,6530.844490407235
719,4.2604210586337885,2942.639062990839,69.88832571819091,6717.734827265957
720,4.619174446392519,1286.0360200612665,68.27227618855649,5676.16563789167
721,5.725069834559067,1986.4914290334327,72.66565580821839,5581.154386833658
722,3.5199770663439987,2311.122921400941,58.73568810080282,5241.022167960865
723,3.6069756163779694,2511.3317720957825,50.13334715347371,5189.413592318599
724,5.6365390843768415,1829.3753521185954,59.86010411309556,5200.88418470729
725,3.450301880520863,2929.930791303325,51.92519859676852,5354.258001672039
726,3.3161714023263134,2300.2945138341242,45.93109795670426,5156.0776126762
727,5.227752711033601,2129.392813334697,55.82147370700096,5377.658517600563
728,5.714639515242071,2557.5878631363994,70.0363571540518,6030.471868992155
729,5.4670398482907006,2435.2973101452976,81.90786375207723,6390.0418044032385
730,3.9992903391902113,2509.260229806378,76.41181677539123,6324.8336513833465
731,3.313563542986151,2212.48219596333,64.8769217804366,5871.024797248916
732,4.4025014711331,2280.0157172643794,64.12576980381313,5786.700434972818
733,4.765008487862744,2488.4176542931723,66.47878243654037,5990.189105727027
734,5.967905758537513,2112.695859996265,80.10389223973175,6141.330755527538
735,3.8366098109040934,3392.7309329670966,71.48555608668367,6559.397112102108
736,4.40174464175345,2534.7751817089315,71.34844928436539,6632.467439823339
737,5.272250479138548,2221.3586362680517,79.3972643878725,6599.093862179516
738,5.64052700875933,2629.2711890069327,88.5870051624152,6985.793142342394
739,6.71052271803722,2844.4127575177217,110.45713901817899,7842.2815334098495
740,4.8718131406925425,2214.499059149871,106.73487755996588,7518.161414301746
741,3.426974035248234,3459.0444507335205,85.61770162446219,7514.525920333626
742,3.2343571601064682,2398.851711703614,68.26861571318601,6843.215592087902
743,5.969286849742788,2225.633302844192,78.32419665456017,6844.425077748446
744,4.5304759371246615,2510.1032857626865,72.51810754341801,6664.869344039236
745,6.691160250879319,2420.889976252928,88.58365087446732,7109.01893109867
746,3.473160456658259,2891.794655351725,71.28601802256617,6831.3254363784135
747,4.3278439467614325,1285.6572721870407,64.92189142615631,5663.856864708695
748,3.108470853223031,1736.4517345116606,49.32840637097492,4740.084275796815
749,4.162943860077326,1977.446782335413,43.718856098780876,4531.707695386748
750,4.382804929833131,2628.4793022437875,42.57791836414397,5004.979243559214
751,3.5408850982417377,1421.8826701121152,38.59657350683967,4345.192206539882
752,4.061520588935213,2261.6852358274195,38.43534078356094,4489.5531506211455
753,7.140448943112773,2789.2968173927397,65.42905835979752,6086.364117464669
754,5.620029045761792,2380.0258094648425,82.51439347211534,6500.078097214854
755,3.6583972079704754,2193.8228609177763,74.3616028114019,6163.7574103754005
756,4.267201974742968,1719.8705943511227,71.52503461611255,5614.994862756144
757,4.501971437452687,3013.1457510211967,69.93362070386196,6108.623992737293
758,4.031074472392913,2244.1484678960483,65.91375519169468,5938.173523403453
759,4.914623050510403,3198.49734440914,71.6781720874003,6763.990440262451
760,5.379855345396205,3038.0445978011853,84.78762154141982,7562.260806714655
761,5.2678081932088805,2069.363250541779,94.23367451519366,7291.534706978503
762,5.901777432650066,2712.71284953758,104.91368463635857,7657.713571061341
763,5.95426007683561,2731.1417680583636,113.55137916240596,8015.25641872585
764,4.0479858451688635,2497.5562627857225,96.94466217878886,7576.044132099689
765,3.5024913605808927,1652.954351394095,77.10644094103131,6393.076596296272
766,5.09443649440988,2250.8194630577436,73.55284294173934,6201.847315524159
767,6.312444832641869,1923.0758766706442,81.4584402047985,6070.667445526287
768,4.607000793019227,1572.6618693270448,72.72514040456507,5328.01898540026
769,5.418303416978818,2109.7043799457892,72.16308195776269,5359.393573157792
770,5.022412641569386,1654.6830653304712,70.46041358609811,5005.675168728432
771,3.798841166205697,2447.5535365338546,60.49101769237318,4978.945916827537
772,5.432251489738393,2477.6841435123165,69.06502688551934,5534.811819883767
773,5.008149797683105,2403.2564731521406,76.41147112124618,5856.667179990049
774,5.59121654112996,3019.10317508382,91.77068367117172,6752.399460560103
775,3.948440274295872,2285.4172450705414,87.14452332267327,6646.148883997279
776,5.067915708024934,2026.37532104921,93.57536331245551,6461.078915285935
777,5.335680660260238,1715.9666848681093,97.39417599663963,6005.240251847137
778,4.280990901566167,2534.8580871560007,86.79734740392085,5956.224772615964
779,4.166306289286509,2722.497778865968,78.41806006019338,6102.379832533367
780,5.896929280738424,2110.499904050714,90.66522899451287,6239.765860719759
781,4.772693690793987,3325.755341534638,90.62639714869314,6963.0251520677875
782,3.9178968561175425,2177.1721626437047,83.0602658773964,6664.912019686296
783,4.591809579015181,3175.8282885837643,83.29525747129574,7194.452347407186
784,4.354549121430843,2476.2446561849506,81.19621696585769,7078.526517893907
785,5.156866597717206,2614.300337500506,86.13803379940447,7239.387075326125
786,4.397945426963358,2972.788298772058,81.28855855587369,7398.665616731006
787,4.640783178534816,2684.1225695131398,79.34375514169218,7387.055771222433
788,3.8935689722024662,2726.1459682254304,69.78695253342916,7100.471058330504
789,2.9771234939251667,3630.862397221096,54.59353545578121,7029.755725232446
790,4.529289831479365,2873.229805443484,55.50119715924645,7206.619160725942
791,4.209991996803307,2508.2920907125695,53.687469234633696,6830.695187365881
792,4.726910671256035,2154.0768167538918,54.25548275777688,6339.184184853845
793,4.23826358687738,2502.130539148489,49.668298579655506,6120.169158346924
794,3.9490314774825013,2096.986568346153,43.944891193525955,5544.394849542127
795,5.512969058827509,2151.7986813059065,49.43270407680017,5677.243775871668
796,4.8010201263112435,2547.3350770482834,50.469085568783576,5929.991786992151
797,4.513708553897463,2210.0179421755092,50.48495286572053,5771.570693972015
798,6.865541790926406,2192.5324017726825,70.54045080767584,6268.821982491277
799,2.9801673653619454,2687.1472548149336,54.4019296344561,5855.423900188789
800,3.0363396168432253,3256.46672346402,43.89863041886452,5908.668552318507
801,3.234349900586552,3001.7218906024073,38.744899826470046,5950.985157503655
802,4.3217042538913315,1763.9475379903492,42.27740251620366,5402.0328153380615
803,4.396660211642187,2062.962280285149,43.83783886134782,5186.846303417342
804,3.3777561296685312,2452.073488339192,37.951037250920876,4997.087065091919
805,4.381187562219533,2165.129946634414,39.7077106289661,5018.486572501676
806,4.223795129621245,2042.2921616187477,40.611899281129396,4886.927062980317
807,4.019794643582814,3335.4450658626774,40.95935492185209,5698.667693724201
808,6.293632334655319,1312.0479686686551,59.963480193145685,5211.836339545859
809,3.7450429193987222,1559.4553836014923,52.43188504393812,4516.761577635066
810,5.099705417554883,2888.2699069182754,55.907566064866685,5378.642342658433
811,3.380725063730936,2975.4554192069554,49.626008964679876,5608.812555958991
812,4.984378478539394,2038.5494117391636,59.17233278763286,5658.069589403285
813,2.71252785638631,2576.8616280664014,47.906837770812764,5317.848877607998
814,3.056808298804471,3020.2623703342606,41.749850431868545,5413.03428721796
815,4.418799223669712,3333.804233823827,47.89464860207696,6374.3567628543615
816,4.131869516934039,2241.8682777521467,52.224840438038626,6185.696464566048
817,5.346808815330136,2470.667300834636,64.35062946893646,6491.3986191433605
818,4.716401640409412,2571.348162773937,67.403907157087,6594.188853026471
819,4.173148455783926,3026.361571220496,64.33765826341858,6844.121707719492
820,4.270593065371597,1954.3724933223975,62.204043799322214,6229.903498933551
821,3.3149884635777953,2814.858580156119,51.553973002351206,5976.462027240424
822,4.388366575608877,2716.0772338230436,51.08572739314177,6196.141085837565
823,5.818654492395235,2492.8640429038383,63.63181011041632,6669.635149536923
824,4.015813268575586,2205.7957287405898,58.73698496256717,6185.278088372971
825,3.6642075016377196,1641.9443930711006,50.531665724300574,5245.156111753563
826,6.496123067417451,2797.9109597612874,64.86243216535468,6461.815651955078
827,4.110426624556237,3053.7077596933814,61.23913470748833,6766.5485857127305
828,4.214925833588242,2153.311415520263,59.88715023073308,6374.621976458951
829,4.057553415918806,3221.383687069072,56.77670545440268,6749.124269794454
830,7.839168567867896,2322.415209367671,92.3678019061877,7466.711225622886
831,6.179934327041538,2448.4746918183555,104.49537024542052,7604.530165303183
832,4.54121480274322,3439.269281498487,94.58174696802733,8033.8835300788305
833,4.694904107129831,2060.1005990284075,89.31237082315789,7457.461693374191
834,5.091944226635238,2570.5241700798774,87.12288664405476,7366.720937132644
835,4.164494304726727,2232.623205325348,75.21946627715485,6762.053691255655
836,5.832944690262194,2279.8059791648866,80.41678262188437,6756.736945083107
837,6.700396250356542,1805.3969527045383,92.87480805527828,6437.448878656412
838,4.370059055188696,3188.6608628833396,80.08121458307407,6723.460964358065
839,2.0243665689330226,2633.434705040918,53.277028918546286,5954.075155510037
840,6.099034429143068,2971.884852162383,68.53703894762148,7088.453802322416
841,4.529822664407496,2697.3018903566813,70.22498749193497,7198.7815106797
842,5.3143699220843335,2400.376663100762,78.33861057793186,7197.261513037885
843,6.001553831579811,3113.231474010664,91.7240009418262,8066.289472949084
844,5.040564013489664,2971.8601270577356,93.14108988431357,8351.357545001434
845,5.897079178889879,1000.0,99.79587323820707,6740.417030252735
846,4.775889830761454,2184.6469451798093,85.27792089334304,6176.520996000249
847,6.072289386819012,3032.4655976253607,87.71774087891878,7056.968285037174
848,4.773897812413321,1697.6856061032788,82.36341430021857,6400.267473516117
849,5.033676892558286,1938.0869497893398,79.30039631591956,5978.006658956441
850,4.173897119095861,2244.5631096557618,68.84216284379774,5687.229813936751
851,3.3080260534843062,2553.6781004476957,55.21713551343421,5452.241995795433
852,5.277450844828963,2649.732294997942,62.37052602019753,6049.325198789525
853,5.999586737579195,2478.448560927146,79.47072099724227,6600.009152516625
854,4.138927346974109,2928.299713381637,75.5273608585966,6813.162450595146
855,4.803258104649158,2657.469786332351,79.41450824095246,7034.71366297515
856,4.9055502570760785,2984.8670518989893,83.64097533834367,7485.820110869941
857,4.559521242523924,1968.482264363207,82.16795343714357,6918.18174150071
858,5.185305734146601,2443.962923576514,83.82776806122055,6878.128852554419
859,2.6180151385400325,2097.7896663919455,60.816829380640705,5893.5698887379685
860,4.725018250325297,1534.0410459041323,58.11898636886301,5140.780894654664
861,3.6238481333132024,1932.7326186550235,47.685822640383904,4633.073065858971
862,3.2362118843622123,1723.7284939266615,38.04582380268876,4073.9406402142686
863,3.3485325238577808,2139.32816712246,32.1475594507709,3976.588233155976
864,5.025655641969662,2259.5192563650844,38.33720403995515,4556.263521086969
865,6.0899763724561335,2597.184319824637,56.655127334529034,5605.972381577838
866,4.415213158885191,1934.0071312416262,61.09913620319869,5457.55204091632
867,5.385152034630976,2824.457726402061,73.37180336155996,6200.175571118774
868,3.9520582687489494,1916.4409407900416,70.2114969672485,5843.907152494843
869,4.864311457969118,3220.4131218656544,75.78043194280974,6642.110228876209
870,3.6962361879582453,2525.823788952358,70.02482866190954,6540.1105026223695
871,4.302096063080735,2538.78937699709,70.3195247120137,6547.2614323585785
872,4.500475650622582,2532.9916230656136,71.16872375891418,6569.8162549124045
873,4.284917848288553,2100.3227625889153,68.32381413212042,6152.862453621367
874,3.64019699181206,2162.942757118761,58.95017945506074,5637.273927463541
875,3.856499902918147,3505.4376989543753,53.27775869429115,6281.716737568336
876,4.194609515338512,2102.171875753078,53.09268919629626,5945.399495050561
877,4.821096441522437,2003.0656762462988,56.72934316117262,5676.786834547632
878,4.37448340163415,2691.745781554646,55.35289350094982,5903.169834914582
879,4.058649582209445,2296.250570440153,52.4514485857466,5713.123624420019
880,4.923859288389426,2164.5726121997027,56.52799967890269,5693.540044108097
881,5.694469774518181,2951.7791221346306,67.84860402678551,6654.547015197583
882,3.968776347762022,2842.1531792731744,64.14051645248482,6758.456119127735
883,5.771894768252121,2573.7699631679575,78.77860874637973,7190.276292769276
884,2.9763291790022497,2358.4983789978983,62.51999177208616,6468.606140726928
885,5.264724189392192,2276.392018347184,67.79201986781298,6430.863309987357
886,4.383038163801297,2855.419667066984,64.11266429239706,6610.4074901125405
887,4.208710678345266,2064.3996311083624,59.93422064986481,6102.573383378155
888,3.976961051982059,2632.5701450792053,54.16866708308861,6022.651955766226
889,3.2034236577676,2977.77606871365,44.76997883542076,5924.50065125048
890,3.775456220617979,2711.498542348651,42.188545513802204,5941.213610592784
891,5.698574732021241,2023.551886417889,54.272324807190294,5945.717850780003
892,5.640770147558199,3237.179319554015,65.26905626164634,7132.193988712642
893,3.4075178762331544,2364.732343872585,56.30494793129517,6589.252867776357
894,5.997822695360943,3173.2995162205834,72.24022522385413,7755.854354928884
895,3.5463269103673163,2204.053079095501,62.57287530281456,6981.2532938192035
896,4.403937783104521,2994.1763323953246,60.61593779546206,7152.767574148394
897,3.966109679978814,1424.7523957482006,54.28213203994372,5829.529701077558
898,4.931642257448242,2582.173980002765,53.966379731537586,6065.411627192744
899,5.094327927357805,3688.5700525266816,58.129054423719275,7452.831658916981
900,4.3506988601102226,2258.201610865539,58.72656886298437,7038.030599049498
901,3.30370398158266,2981.272315908854,49.185307019876916,6703.684013681324
902,3.574753847543546,2837.5665414963446,43.44839934285685,6468.071551336268
903,5.335216483948024,2848.9710382471567,52.04987556504846,7091.5795461834905
904,4.1128480570001145,1847.0745194348874,49.40270442975551,6135.4506903700285
905,3.259647265708968,2708.0778184494848,39.825603658805626,5718.487973356825
906,4.446022430203805,1944.3640558733287,39.31685614436563,5281.61936758345
907,4.525059531945844,1748.3087023785893,38.874454229176145,4807.97663417673
908,5.970186077357492,2920.88308652276,49.40760120929968,6149.013674128356
909,3.8597304432569985,3269.5103276106,47.22849435421167,6594.933007284823
910,5.2848275515382666,2029.73497790874,58.20840922406011,6421.287151333107
911,4.090698686678286,3102.153554029487,55.51296280667236,6685.992480628473
912,5.943588253548853,2968.656155218222,71.50525825996998,7612.514734737089
913,4.527973063824451,2329.967817326855,71.2282223392063,7251.935699368063
914,6.227067003616324,2042.6772648096935,84.48299378453078,7000.3445312837985
915,7.6240483386975075,2704.5622408588692,109.9012297876457,7866.965671632836
916,6.127621120529932,2925.5992195789167,117.71316861690303,8389.6466390185
917,5.172749804180828,2740.6640607293684,113.3192901137455,8429.80957446858
918,4.829842159805516,2631.802949776802,104.71851937624548,8223.3623195033
919,3.6032748010478883,3158.998863628258,83.46672626196676,7956.697880648712
920,4.77994344048962,1329.3388716745585,77.8915569695367,6575.4519262448375
921,5.45262840795001,3053.4426805567464,76.95534635518317,7180.115728523182
922,3.428290838427187,2044.342840201994,60.60372162265762,6304.918453431659
923,5.845408913338932,2779.884616774493,68.79242084087204,6981.483652899394
924,4.477272338396273,2540.3425401814084,65.65347529633185,6857.554021913673
925,4.003829548878352,2973.50023222565,59.33021080961629,6905.874473886945
926,5.746192935989843,2640.938790460246,70.87450388492677,7335.382757383835
927,4.7340556505422215,1705.2873075104922,69.69524415309233,6448.546881288739
928,4.153805270492958,3042.6627663161416,61.37003543781627,6592.208121990962
929,5.567602977544394,3373.49242414606,70.0456997409817,7763.76909713277
930,3.0593933111381544,2790.302477477211,56.41564506195883,7244.227908211632
931,4.694445713807935,2838.9330338083255,59.39813607555304,7395.173540534758
932,4.47032832047054,2475.076563479245,58.8397097957911,7054.018726008605
933,4.322710200355866,2916.009860234838,55.77914919099196,7085.623474004349
934,3.123865447866016,2156.464420346976,44.12432807243377,6051.393432621731
935,4.35989996271571,3063.4153397273353,43.030175808361086,6508.993145696842
936,5.315008591296149,2731.1842773237418,50.944977413646946,6991.967535179782
937,4.121902678095615,2185.2512647115027,48.37924816058285,6351.139380903781
938,5.929933013158771,2597.8377092397545,59.005656181518354,6886.947951836113
939,6.024202299427796,2355.935332643238,70.00302778788608,7033.513835942847
940,5.569415911864596,2457.173543238616,74.65360413512506,7079.8697191209285
941,4.64774309154847,2212.951601970148,69.36145443709387,6633.614829656761
942,4.478779522125218,1969.4216464646288,62.93859392995493,6021.907622544635
943,5.013919857957493,3117.430452619785,63.08569974831888,6720.7199424393175
944,4.314521593056911,2316.0045416867247,60.17722383964923,6481.107999126142
945,4.871360819736967,2309.7201606069816,62.60667188210762,6383.594228478254
946,2.6383095614388616,3099.1853728624815,46.46732196535547,6001.163347016502
947,3.8605751178702485,2560.482957350089,43.62052443866933,5914.018965303579
948,4.658736667960451,2772.7749049939803,47.96925153931978,6331.811074399327
949,4.731719611554151,1973.7672730641868,52.331620620743635,5946.680301546565
950,5.09748005690824,2951.1283281083397,57.97130757926975,6622.974522852879
951,4.019401407644861,2566.2309716000896,54.76379547820481,6475.659998407323
952,3.824583371181033,2788.6802520724873,50.53549795600923,6418.2374245696055
953,5.0193136076180025,2610.0615954517525,56.76947487579261,6685.72093958985
954,5.87678473180295,2955.3793950493723,71.00710665000078,7543.500701095825
955,3.78753466064152,2595.9660744755092,63.172162205525346,7135.339258271579
956,4.845000672139509,3434.6840973595436,66.03574139834544,7906.137261423249
957,6.578075366879803,2767.7642181392002,88.43265452270063,8559.09417567026
958,4.8590446438036015,2538.5223706449865,85.77574322712692,8161.643775532609
959,5.9849570856544565,3069.227312939365,93.36759034658594,8720.2466386767
960,3.786353903781173,3620.0693127845207,76.37459968914821,8736.160771515142
961,5.096664787460651,3481.783780007772,77.83727397906316,9344.149051532035
962,4.993439020731229,2008.3170645276452,76.93310271160162,8185.636070940301
963,4.092983640017945,1762.1170868019094,62.862968692161104,6616.4767308900755
964,3.0508160182757234,3362.2642022152622,44.22471343602897,6282.2787873692105
965,3.900593457732948,2490.155386633635,37.39012832109134,5935.956946749527
966,4.545680855893279,2535.6718617767956,37.532580417211264,6023.896520293913
967,4.306897324393857,2403.6263201033685,37.272270110416386,5877.090093585538
968,5.473094636381009,2361.744611939811,45.188781795674466,6162.928980629493
969,5.351867304447289,2952.148145455766,52.69338376951699,6929.582091321282
970,3.950026769835297,3078.5631140934006,49.2732790281726,7051.012524372191
971,4.219400077527502,3216.8419916685793,49.490271757651065,7398.537173089243
972,2.843601323234458,2572.0689647654854,39.23039960506865,6535.859442857096
973,4.662104049606354,2518.354698473431,42.82207209987033,6493.679452385022
974,5.8472135689277875,2843.2929289823646,54.938095882280756,7295.211533219058
975,4.194924714703948,2480.26306689255,51.86647072625152,6863.223969288484
976,4.207485543451832,2219.7530816729213,48.177595518117435,6264.192218724302
977,4.762247185582392,2383.1580665840597,48.250237640798524,6158.951945121066
978,2.761846867540365,3416.262518618646,35.83674411381034,5977.7492606360765
979,5.76097068411548,3509.7932292274522,49.371375340854044,7736.903090398169
980,4.246316141041799,2384.9757653646366,51.379717225890744,7267.162807366127
981,4.223889152759218,2503.726970603385,50.06266279542521,6834.973260664976
982,4.019125937275646,2761.4497197914834,45.872705188342934,6632.881289338636
983,2.295547161840273,1883.1988537249513,31.754241848342392,5204.094134684994
984,4.847251957851213,2551.815965253126,34.635360635213495,5669.677269226209
985,1.8871743633758742,2744.554948065482,22.948842011968246,4769.350529783961
986,5.29089871261614,2348.255412294258,30.56268324026541,5397.002248979607
987,5.170120525768404,2751.7751926544447,39.148190525640274,6169.2425801284635
988,3.484009543473658,3356.460264587263,36.28384166217676,6451.656507777336
989,4.4011051756023445,2902.1690521385417,41.01439493824114,6788.489031655334
990,4.294468541190889,1691.8572168470728,43.066241468334354,5839.056355451982
991,2.9465350736741582,2705.6397089285156,33.86078314364566,5362.826120175808
992,5.274707750448279,2549.9643954494986,40.724485328644704,5956.348547562122
993,3.745706008551665,2689.848007010868,37.95513239516,5890.725323702633
994,5.172865772594123,2416.688296278728,45.81970529938782,6161.432136523529
995,3.5255609136753128,2565.963314579511,40.64506351389207,5858.57442044864
996,5.065512908292293,2553.1005555630777,47.225047776129735,6223.068271343432
997,6.566559583752506,3223.0455890744074,69.25419819915903,7805.385806791977
998,3.523814902652,3081.9895154278647,60.559502233316934,7661.481972780716
999,3.6147195535463728,2079.5948737978483,53.47166648382127,6724.541381411967
