Time,Q_in_m3_d,S1_in_mg_L,Temp_Factor,CH4_Prod_L_d
1,4.009889705577567,2855.1202050425018,1.0,98.94578282209642
2,4.835198199755411,1611.1594610421498,1.0025820034233752,114.43029156949301
3,4.663115909959988,1997.616858486312,1.0051632417434118,124.60474232922736
4,4.275109595595402,3240.038251120923,1.007742950083488,132.52950233918858
5,5.0422775666829,3131.757392504428,1.010320364020348,145.0828485605966
6,6.709944137986154,2023.4025318883885,1.012894719810617,168.10488206498687
7,2.2528025627886072,2926.9323574591535,1.0154652546171152,221.76854177943895
8,2.5179491649019905,3475.6024231995693,1.0180312067349029,310.27270418735463
9,3.4760429786800975,3177.12490525794,1.0205918158169898,445.63940024767555
10,5.384206687160082,2438.524636591449,1.0231463230996423,631.5359892626542
11,5.223499830029573,3035.58645953153,1.0256939716272215,909.370362127208
12,4.227926701286172,2045.8142170777348,1.0282340064764866,1345.6900961127585
13,4.001068470014804,2297.652845491717,1.030765674980293,1985.0084733951135
14,4.393170620402629,2327.4560021198276,1.0332882269506247,2844.833372190163
15,4.369072556296774,3765.816084485119,1.0358009149008924,3965.661403259248
16,4.5705007078638715,2740.4565037838624,1.038302994267428,5362.995110116179
17,5.213757211509477,2455.226789597171,1.040793723630116,6929.336055055675
18,5.717586136276308,2752.7417613733373,1.0432723649320914,8493.816822526813
19,2.9984057452936366,1813.4831146308734,1.0457381836984434,10240.345502719207
20,6.463503985945633,2255.194790868094,1.0481904492538547,10828.068839932039
21,2.4913380952380995,3456.768240864227,1.050628434939117,11264.075260857348
22,4.189263474619106,2649.0485830654625,1.0530514183264557,11132.988031123385
23,4.799846784004881,3018.158062817076,1.0554586814336009,10979.11620847438
24,5.013163559536849,1776.8332472842242,1.0578495109365411,10167.219186042623
25,5.774868375611676,1052.2980435936072,1.0602231983808958,8503.758536763431
26,5.428692452574312,2185.0090527320026,1.0625790403918476,7620.492647944779
27,3.237047907225207,1594.4647416907956,1.0649163388825647,6383.776911611279
28,3.2610799042528065,2749.116327148165,1.0672344012610615,5964.623509464937
29,4.528202142620558,3279.2368034837023,1.0695325406354277,6659.171907636444
30,6.0344266800962965,1889.3090042985757,1.0718100760173683,6636.9308583479005
31,3.8673234607614173,2676.88331613237,1.0740663325239965,6529.581424834961
32,4.778503628022237,3051.830031009895,1.0763006415778156,7127.7979161278345
33,4.792978395543314,3084.2536965447334,1.0785123411048325,7731.374674680671
34,4.415718303030977,1130.3413646194479,1.080700775730745,6373.66187711126
35,4.922628893222389,2343.406579198982,1.0828652969751429,6250.673450051063
36,5.611609336394971,2560.1677412274275,1.0850052634436675,6677.106031069553
37,4.0606485548257725,3047.4773478928705,1.0871200410180701,6919.755645240422
38,2.5397973121363195,2638.9333628063446,1.0892090030441146,6227.137986120156
39,4.310609693557343,2084.135539977943,1.0912715305172689,5825.24419370268
40,5.182128825068241,2066.718130985926,1.0933070122661301,5747.256257709872
41,3.726946944719191,1387.527224099701,1.0953148451335266,4695.808412008544
42,4.637457990198866,2612.3447988015587,1.0972944341552473,5267.137330130753
43,2.989106411899833,1871.6155668229972,1.0992451927363418,4610.731256512421
44,4.7317748247333,3686.9305705503693,1.1011665428249418,6361.434118531859
45,4.0309514743345245,2550.327726417689,1.10305791508355,6436.290240341679
46,5.244781351293424,1802.1919221321796,1.104918749057747,6010.814837859439
47,5.222963214265553,1902.2183465114663,1.1067484933422662,5702.300670227864
48,4.798325240883134,3379.7294523421588,1.108546605744387,6779.944297058941
49,4.449295437981825,2119.5629444435485,1.110312553444598,6448.937414463721
50,3.2777241811063034,3027.476836626904,1.1120458131544833,6339.9711643348355
51,4.4259755803587835,2116.696169435634,1.1137458712717843,5990.190439710118
52,3.7948621376841807,2584.415688759238,1.1154122240325908,5862.961092234156
53,4.863817755672347,1739.5621451841446,1.1170443776606163,5352.832291630682
54,5.140236316923959,2437.3330978202366,1.1186418485135166,5786.84814122918
55,3.385583433718094,2119.44947349849,1.1202041632262014,5240.631337106156
56,3.7322066826173734,2346.833792612968,1.1217308588511041,5127.84109604578
57,5.307965757482169,2583.737426899427,1.1232214829953622,5930.42868882008
58,4.233627239024307,2811.097265445577,1.1246755939548712,6300.510120135995
59,6.794446190103777,2792.936569324907,1.1260927608451716,7636.457413645988
60,4.469606361989798,1732.1981336620884,1.1274725637291292,6726.86093026578
61,2.3782452812418096,2479.779659281087,1.1288145937413705,5697.669127973985
62,3.6586779483392293,1815.7544153195008,1.1301184532094395,4926.608733137487
63,4.485829812596443,1925.6454508257261,1.1313837557716364,4752.600387484218
64,4.779600317198247,2401.9784135569726,1.1326101264915045,5232.964972491331
65,2.5253159026055743,2942.61410076608,1.1337972019689322,5014.627058622911
66,4.453529755515399,2470.6972441744683,1.1349446304478366,5442.458909711961
67,4.0508294720162095,3173.7139967563626,1.1360520719203955,6198.70446152714
68,4.601836843303581,3047.190002134622,1.1371191982278002,6967.758032936996
69,2.8036934177941673,2875.463067900725,1.1381456931574951,6421.263654206385
70,6.282597294941546,2873.5213765133744,1.1391312525368795,7711.252539116186
71,3.186512881684484,3449.763145958776,1.1400755843234387,7528.740902519787
72,4.4611657814392816,1787.8405043507373,1.1409784086912844,6327.110465997057
73,5.496460113192317,2592.6922417451674,1.1418394581140714,6796.098288695333
74,4.111800829935238,2314.6322362832298,1.142658477444273,6240.794154677394
75,5.695912187871608,2641.460028542365,1.143435223988786,6921.681807032254
76,4.666934082845667,2455.7435115157027,1.1441694675808451,6755.734535092224
77,2.7750456576359115,2290.232054987304,1.1448609906482283,5667.692922541914
78,5.359840409811136,2261.5482707973583,1.145509588277726,5938.256166909169
79,5.652047295532087,2677.109648308178,1.1461150682758632,6750.76574175329
80,3.793033245618516,2002.0734825572913,1.1466772512258485,5921.965613770426
81,5.541762939136295,2379.4304819896015,1.1471959705407415,6303.525656695405
82,4.795119991204991,2710.6549776691836,1.1476710725128139,6653.273786757772
83,6.14004412910079,2679.0864916809032,1.148102416359098,7473.400995778776
84,3.9356566610445505,1910.13378205167,1.148489874263103,6491.390489657756
85,4.838606656019189,2344.726706386208,1.14883333141269,6364.911831374931
86,3.8840997792095004,3828.6044012737134,1.149132686034093,7238.158902022507
87,4.8577136709034345,2383.841929684675,1.1493878494220768,7119.313755027692
88,6.0752626403593455,3002.726035554754,1.1495987459662234,8199.093629562702
89,2.94831794055541,2107.1255165112566,1.1497653131733347,6788.9828432064705
90,4.382459225628503,3473.8558887062645,1.1498875016859524,7559.1540857830805
91,6.072813161297017,2815.422443132225,1.1499652752969836,8316.317247483958
92,4.942333326842667,2395.438980257708,1.1499986109604285,7745.16505717776
93,4.328943577267852,2523.889179545331,1.1499874987982106,7137.089542720943
94,6.927986812867202,1960.1631684545814,1.1499319421031036,6946.766621654072
95,5.36439546035149,2143.677232465302,1.1498319573377551,6545.059706518434
96,4.229973558257237,2964.2699394266224,1.1496875741298087,6707.608442254091
97,4.839270455997422,2574.9240190634646,1.1494988352631255,6840.301849945242
98,3.453799524266003,2083.4191627372275,1.1492657966651045,5917.643998390267
99,4.68514027280112,2175.5249139348452,1.1489885273901121,5743.487822628126
100,5.919993950041025,2493.7960890768127,1.1486671095990182,6479.99674914738
101,4.117944388503031,2597.4236501080113,1.148301638534851,6395.817685320997
102,4.764317957998872,2476.259288039533,1.1478922224945745,6491.91191207455
103,3.099769765591284,3102.898220475171,1.1474389827969973,6303.0687988968275
104,3.109451107272612,2026.8979858408366,1.1469420537468236,5362.880834010062
105,4.922353413631752,3548.0412984873665,1.1464015825948553,7074.026466299953
106,5.339726744507118,2278.9076290534163,1.1458177294943592,7029.62173654354
107,5.681680754553178,2430.4966947949656,1.1451906674536096,7189.526903213215
108,4.684651115813772,2235.345402175979,1.1445205822846223,6684.70835799195
109,5.589357551170357,2835.124000682906,1.1438076725480943,7369.948311130952
110,6.134081342367273,2513.093059331506,1.143052149494567,7734.640451847646
111,4.001376727034669,2333.2839046481795,1.1422542370018256,6987.310250926226
112,6.7427927215559045,1739.1191544186001,1.141414171508563,6513.6449958871235
113,4.494227335195143,2151.827928194847,1.1405322019443147,5993.479810953436
114,5.391735405912237,2947.4500674245123,1.139608589655697,6849.101251874695
115,2.3274615256188604,2479.788338740528,1.138643608328964,5933.2287542332215
116,6.0351763723191585,2913.1743524291514,1.137637543908909,7222.993411874574
117,4.212834326096889,3092.3736322569193,1.1365906945141324,7523.266909187313
118,4.033185437415267,2489.7984318189287,1.1355033703487027,7065.527282978212
119,4.130056305169757,2229.12322992393,1.1343758936102364,6399.969534699869
120,5.754760475109862,2978.766532808093,1.133208598394424,7467.659232197068
121,3.7549862745621185,2458.3374237067183,1.1320018305960304,6807.904826464377
122,3.4994650867916457,2964.8483156961875,1.1307559478063982,6560.252743303142
123,4.263314380065943,1605.2739200887122,1.1294713192074868,5408.604760353699
124,6.500543339210287,2673.6037832510165,1.128148325462474,6740.954038463489
125,3.7718165117687783,2503.681413449156,1.1267873586029595,6322.353327855544
126,5.797174434163818,2209.7028490097127,1.1253888219127957,6468.6238900894705
127,5.206274077807646,2332.964519683116,1.1239531298085865,6479.712600703947
128,3.5568362592746006,2727.5025987235686,1.1224807077168875,6205.18519694844
129,3.6602894742502174,2462.0958815085432,1.1209719919481418,5865.573189541138
130,3.1470498673081586,1655.0281790448357,1.1194274295673923,4783.612227940752
131,4.254744699570131,1929.9424811605081,1.1178474782618073,4579.816137891817
132,4.840115318446213,2472.3769172040297,1.116232606205056,5218.756189174021
133,5.541387411994708,2819.79698172523,1.1145832919185814,6350.872775174961
134,4.054550094965166,2987.3757213106137,1.1129000241298013,6703.379511735638
135,4.10656725611119,2183.04967461727,1.1111833016272894,6272.004359413875
136,3.200506158592053,2970.635613338166,1.109433633112973,6091.757333112062
137,3.187080822540244,2689.826330796752,1.1076515370513942,5756.382274402512
138,5.041518620265621,2516.442068110917,1.1058375415160766,6191.347965329642
139,3.4828136471932023,2836.0871478586523,1.1039921840330467,6067.6790815047925
140,4.247799331039893,2002.6689092834595,1.1021160114215525,5546.372213674743
141,4.558702931905639,2423.9828457886792,1.10020957963203,5691.464066675516
142,4.651833708765796,2438.0967311512936,1.0982734535813627,5865.812213208651
143,6.014657082258908,1793.2475886243496,1.0963082069854846,5698.131626728024
144,4.419038794510516,2976.8115682196285,1.0943144221893752,6198.573017490082
145,4.441148596207981,2767.248865356186,1.0922926899944991,6510.631079054007
146,5.902625642259331,2362.18412937512,1.0902436094837384,6865.31044539945
147,5.230880639314915,2846.8087129120277,1.088167787843871,7351.12991423551
148,4.746107494681911,2702.352323179623,1.0860658401856487,7431.521668595117
149,5.552665226230764,2577.0310882611384,1.0839383893615264,7622.9506009918105
150,3.6303895812228366,2625.038831438447,1.0817860657810976,7070.668237613625
151,2.8573659108671947,2804.8576402016793,1.07960950722429,6369.561093640015
152,4.1825455472811015,2496.337181983669,1.0774093586523779,6181.572755344254
153,2.6572767944919993,2958.563988800365,1.0751862720168663,5660.2821748981105
154,4.226454802315886,2151.5166440072944,1.0729409060663035,5378.247234638034
155,3.1345413570795744,2395.460068612486,1.0706739261510796,4933.535768185497
156,4.392024247413748,2043.6862195540025,1.068386004026269,4847.454253523038
157,5.084853418132119,2262.998085139112,1.0660778176525743,5260.069159136394
158,6.4508436791240955,2645.1865216831466,1.0637500509954332,6472.976067704244
159,3.314292745806171,3170.9564313525193,1.0614033938223433,6505.312814841236
160,4.728001971397758,2230.9883081490907,1.05903854149847,6346.119231316743
161,3.567441737637145,2704.489647901588,1.0566561947805948,6119.218344852222
162,3.3951971546171613,2595.0251190074496,1.0542570596094651,5799.735963932381
163,5.12699103578738,2152.2389417626446,1.0518418469006101,5807.939947330957
164,4.575809783816548,2402.6369790923663,1.0494112723336795,5847.081385119053
165,5.259774351704398,2253.733124453876,1.046966056140374,5975.654973400396
166,3.389782002054624,2346.2043386067244,1.0445069228910235,5521.478338386314
167,5.498195887851285,2320.9751040745796,1.0420346012798825,5888.752433520594
168,4.141991452700162,2656.024025528334,1.0395498239092011,5992.974499957614
169,4.436016247487734,2124.903611377109,1.0370533270721403,5760.2635150054375
170,4.558774853471986,1790.8852250185346,1.034545850534592,5288.046066413907
171,5.218590827258084,2841.152106639454,1.0320281373159694,6059.483955523472
172,3.655202456773396,3067.967531118632,1.0295009334690364,6294.922543081606
173,4.295449645952281,2695.5492858383054,1.0269649878588343,6488.954432925917
174,4.2959881338018455,2480.976116388738,1.0244210519407775,6421.8472087296295
175,3.0152801910388005,3034.1829864640745,1.0218698795379813,6200.0888405933065
176,4.839982527958394,1505.2039339353469,1.0193122266178871,5387.926446627483
177,4.80758139391706,2244.6640986949055,1.0167488510682543,5413.4149752002
178,3.384220650655763,2557.80349494846,1.0141805124725798,5234.344642551267
179,2.764324483371306,2857.598274918672,1.0116079718850195,5062.139139604381
180,4.071673424782872,2437.871366282356,1.009031991604869,5217.3050541567045
181,3.2047417849695083,1882.3800465773782,1.0064533349506797,4631.27505394466
182,3.349411120055085,1418.2664591617306,1.00387276603407,3886.8520284824676
183,4.873037477773023,1952.5483697244258,1.0012910495333034,4159.725512047856
184,5.666600424615646,1555.3875529437146,0.9987089504666968,4161.486526159171
185,4.6783947657651455,3010.7090063465316,0.9961272339659302,5064.902761652253
186,6.4981391063173435,2974.8198715234653,0.9935466650493204,6474.865526784847
187,5.426617678960106,1926.6171969378747,0.9909680083951311,6447.7336314079985
188,3.3853635334397367,2556.583605059584,0.9883920281149805,6196.288385955255
189,3.142409739492644,2642.6780276284853,0.9858194875274201,5949.610973529083
190,5.886650575490097,2606.9951896601724,0.9832511489317458,6565.573628177868
191,3.399371391316305,3039.417770143423,0.9806877733821129,6584.605261777186
192,6.85293422940614,3148.244086616601,0.9781301204620189,7957.331504586736
193,4.874576898826157,2808.2835425415587,0.9755789480592225,8165.522112894588
194,4.0536963732550735,2893.1849935108735,0.9730350121411657,8019.598064180938
195,4.663086362162104,2768.920633179726,0.9704990665309635,7919.743294770046
196,5.119421213015952,2361.831061014339,0.9679718626840306,7554.911988532774
197,5.699077856477854,2837.4150507850136,0.9654541494654082,7846.49703478899
198,4.568992404973347,1886.0310528367008,0.9629466729278597,6943.260718168488
199,4.6727091302329145,2496.0065857758177,0.960450176090799,6671.389592301246
200,6.262996596401175,1678.764174238327,0.9579653987201175,6114.795744183888
201,4.278794716892567,2210.512189667378,0.9554930771089765,5692.836688313396
202,3.635250197902916,2318.263431844177,0.953033943859626,5344.358494054433
203,3.56424681079927,2845.6607289363656,0.9505887276663205,5430.335613789491
204,6.046331127279135,2755.101245122485,0.94815815309939,6363.749846272044
205,4.627709203130172,2655.008696908681,0.9457429403905349,6586.048039611514
206,4.564652531214409,2937.05029393479,0.9433438052194053,6926.972814222461
207,4.5972942267932755,2075.6986092857287,0.94096145850153,6575.586755652014
208,3.9377825611572166,1987.2620033455937,0.9385966061776568,5960.700190958917
209,3.209252749914726,2156.707685083963,0.9362499490045669,5351.98893961822
210,4.543502306510221,3504.273550907773,0.9339221823474257,6297.0555807287055
211,2.262323695247593,2552.7482583291708,0.9316139959737312,5700.937659774149
212,6.840985967193761,2835.891990064576,0.9293260738489204,6960.429854155475
213,5.356162616342168,3772.860049207371,0.9270590939336965,8232.120211710799
214,5.43891448615758,3138.4368046115987,0.9248137279831337,8850.441266951784
215,4.8237121697541285,2597.1694198376554,0.9225906413476221,8581.130280527084
216,4.92858298647305,2579.7274655537217,0.9203904927757101,8188.666818642037
217,4.85848959777488,2449.4481813369885,0.9182139342189024,7673.868269994415
218,3.2186742167386253,2361.6188144783755,0.9160616106384736,6694.764687709005
219,4.368000184361082,1122.1563695276047,0.9139341598143513,5237.0974921664265
220,4.184482312603466,2126.0792262291625,0.911832212156129,4890.820014276969
221,5.270755455816355,2240.7239425431117,0.9097563905162616,5126.184569156875
222,3.738414812802147,2293.9462955400913,0.9077073100055009,4960.3279000424145
223,4.083353115040598,2644.8076820124156,0.9056855778106249,5199.491661077132
224,4.066544938504236,2886.5549476310402,0.9036917930145154,5587.610310618173
225,3.060113588010891,2387.661973322156,0.9017265464186373,5315.089479196537
226,4.425608140444072,2012.0088533183496,0.89979042036797,5171.133690368424
227,4.216909620464101,2112.0882736227327,0.8978839885784476,5036.7481289545485
228,4.031776020779666,1827.3189550837355,0.8960078159669534,4699.273482469
229,3.3644999183676436,2394.4746406951654,0.8941624584839234,4593.8554620583545
230,5.510329466751549,2270.0288896640955,0.8923484629486058,5045.296305876454
231,5.561242211549469,2064.1318623349302,0.8905663668870268,5229.3906626705
232,5.280291081305289,2275.6472398532405,0.8888166983727106,5437.402806667555
233,3.8846551883219806,2175.0366722555154,0.8870999758701987,5281.520073812098
234,4.606541994092536,2887.05442611981,0.8854167080814186,5724.178520725718
235,2.5211908993160064,2308.006581559898,0.883767393794944,5377.7252280256635
236,4.779461901460477,2895.049659654468,0.8821525217381928,5931.718406982912
237,4.847909471476447,2752.9034394593273,0.8805725704326077,6356.26745165492
238,4.667430833496907,2136.327675815719,0.8790280080518583,6240.6882112622425
239,1.7230925053056478,2422.1665962327816,0.8775192922831127,5514.088325876268
240,3.5126898099581902,2940.302592620972,0.8760468701914136,5620.813772263567
241,3.763714461752201,2670.0019007627516,0.8746111780872046,5675.357326783422
242,4.3947440725815685,3048.0530378923536,0.8732126413970405,6178.905129597115
243,3.859874829661006,2322.4660823322774,0.871851674537526,5961.820295621744
244,4.473645975105152,1566.7384310667758,0.8705286807925132,5309.116148106418
245,4.753092195791588,2191.1376412861155,0.8692440521936018,5247.227068905816
246,3.4025953429056237,3105.8320239804816,0.8679981694039697,5405.499198950078
247,3.895120151367276,3232.3098832526216,0.866791401605576,5887.167693992529
248,3.858674131207091,3286.54042204798,0.8656241063897636,6356.606438433382
249,3.320038274544843,2193.2947965105977,0.8644966296512974,5931.822604190037
250,5.056922010146145,2260.6929913527483,0.8634093054858676,5944.49929687182
251,4.632353379071864,2358.112240362093,0.862362456091091,5890.901372513066
252,4.832931607387092,2158.5618670192816,0.8613563916710361,5744.7650714824795
253,3.842483398009327,2503.983252689488,0.8603914103443031,5602.156559595306
254,4.43529719929469,3397.6299026207557,0.8594677980556853,6288.70548823483
255,3.255457860825498,2724.226629243698,0.8585858284914369,6155.628369573951
256,6.146329448492527,2521.3081868876675,0.8577457629981743,6648.660975386839
257,2.4438158233731175,2322.619776238484,0.8569478505054332,5959.989173350382
258,3.977140727031002,1840.8931222531182,0.8561923274519055,5390.189427358108
259,4.826219666878165,2296.9741471487737,0.8554794177153777,5420.294168405495
260,6.0931012831866305,3049.3365732040643,0.8548093325463904,6426.682219456827
261,5.381142453487381,2216.9351834022837,0.8541822705056408,6459.110150104817
262,4.316337208505486,3251.7887868694725,0.8535984174051447,6807.224937631141
263,4.484033931108751,3009.5447279107057,0.8530579462531764,7106.387631217046
264,2.0040550164195716,3228.150446756917,0.8525610172030027,6635.0456671045495
265,5.090931907831802,2654.1583926258577,0.8521077775054254,6861.178537510366
266,3.3349089761965356,2276.1760064664986,0.851698361465149,6283.679172627907
267,3.31984342326397,2383.9821601471967,0.8513328904009818,5785.115085980483
268,6.154066437695466,2679.668787598026,0.8510114726098879,6455.790184970814
269,5.313368096109765,2652.750958351044,0.8507342033348954,6717.797984439974
270,5.285098084178708,2821.784786562559,0.8505011647368745,7045.7742709353215
271,5.533917961108828,2411.2563475001784,0.8503124258701912,7065.977048903687
272,4.176605581976649,3267.8401898742213,0.850168042662245,7249.681204553778
273,5.3517014074293,3657.666773368352,0.8500680578968964,8185.670045347633
274,4.2418232842048225,2103.0508130023763,0.8500125012017893,7680.550058135192
275,4.319853328363861,2763.378536944511,0.8500013890395715,7457.0651334368295
276,4.652015873573001,2704.0819712760854,0.8500347247030164,7324.238652428587
277,4.995461928025615,1860.6982903236085,0.8501124983140474,6636.975722655433
278,3.4429643054138896,2745.1737055617914,0.8502346868266654,6219.753563984357
279,4.30104725171677,2145.49939867557,0.8504012540337766,5821.533057283074
280,4.953496336811786,2150.220888737032,0.8506121505779232,5661.610811027565
281,5.332591478937768,2268.396584775519,0.8508673139659072,5724.843009346455
282,6.363587070128373,2295.7948194918636,0.8511666685873102,6030.478418124241
283,1.9299940232764796,1759.2271786798965,0.8515101257368971,5168.2644443552035
284,4.2439944617044985,1763.4370276429686,0.8518975836409021,4795.058362896835
285,6.255280648915282,2451.660844387186,0.8523289274871861,5398.166744930065
286,4.903258008207833,1408.4378419600748,0.8528040294592586,4958.599107260368
287,1.957125954645723,2274.759752179743,0.8533227487741515,4400.829243237974
288,4.128097091151961,2346.9846472739646,0.8538849317241369,4538.103146011658
289,4.359770261166955,1961.9469598388428,0.8544904117222739,4529.0583341337415
290,4.530060014390197,2094.2782283590436,0.8551390093517718,4614.140702428949
291,4.0572257377427485,1596.6086611044152,0.8558305324191549,4348.932713194729
292,3.4915629418569134,2467.5044126075604,0.8565647760112142,4401.793832806913
293,5.299737102954318,2562.881800853266,0.8573415225557269,4976.725308372751
294,4.449958201350386,2665.0547891451565,0.8581605418859286,5364.201943880588
295,4.8703234350342495,1678.8857511941133,0.8590215913087157,5241.995431281822
296,4.013241539806804,2410.965968565183,0.8599244156765612,5270.99360413427
297,4.593398246199458,2268.4301011074062,0.8608687474631205,5366.987302463548
298,3.4074225737028585,3165.4348595538363,0.8618543068425049,5611.659905764703
299,5.280237878574153,2461.009463455309,0.8628808017722,5983.971998735118
300,4.833052691749798,2403.9414097885838,0.8639479280796045,6147.837291750531
301,5.732984776830951,2513.7809806939995,0.8650553695521634,6486.630248882191
302,6.273491912543932,2140.8619883130855,0.8662027980310677,6583.453756951391
303,4.663868869083601,2237.6549390210707,0.8673898735084955,6429.356571725537
304,5.024473925503118,2438.140545983989,0.8686162442283635,6449.849745162738
305,6.062093132062641,2306.071800522088,0.8698815467905604,6575.615332228601
306,3.717581947905277,2958.951708119459,0.8711854062586295,6603.0064237665265
307,5.62255771251376,1931.2226282002848,0.8725274362708708,6457.04155542105
308,5.374800027802512,2783.993036723298,0.8739072391548283,6737.59960034051
309,3.3165570930800614,2557.3066503768478,0.8753244060451288,6538.124893003119
310,5.917107932515674,2541.6380120410645,0.8767785170046378,6854.567424159587
311,3.7867676483658923,2300.239718644684,0.8782691411488959,6583.516145268333
312,4.346999770205678,2237.7053312538214,0.8797958367737985,6349.02218594812
313,6.332730160203509,2592.6495450824145,0.8813581514864834,6776.19034949112
314,4.682120876814979,2731.457090430315,0.8829556223393836,6911.991043712335
315,5.10165271583773,2414.9351714751306,0.8845877759674092,6935.749047180752
316,2.103085246075681,2637.7360588109295,0.8862541287282156,6335.926055142876
317,3.837092115749173,2994.640703720362,0.8879541868455167,6447.99279486168
318,3.89744494589611,2833.903161591937,0.8896874465554021,6511.229299590649
319,5.7856536320935765,2331.6437875502133,0.8914533942556131,6683.063032916551
320,6.077787943097199,2964.811294423711,0.8932515066577338,7390.263470821012
321,6.209045441328893,3140.7588358148046,0.895081250942253,8206.339314169109
322,4.215528725571754,2270.4922989987595,0.8969420849164499,7799.529583333532
323,5.340769494719531,1831.9674242295266,0.8988334571750581,7119.099685130088
324,6.93290126396049,1754.7732266633989,0.9007548072636582,6602.561033793976
325,4.494554319920666,2252.789702714283,0.9027055658447527,6156.891395356993
326,6.023736795471303,2085.4532066572215,0.9046851548664734,6066.142097007544
327,4.205367766374426,2494.6826888450437,0.9066929877338697,5938.448220619536
328,5.256331137030452,2014.0702952022302,0.908728469482731,5827.516115078299
329,5.431024003414631,2486.5976706512092,0.9107909969558854,6075.051104618335
330,4.5280404110420704,2039.2341895697123,0.9128799589819299,5888.406356463203
331,5.127568177013945,2685.165358375826,0.9149947365563322,6220.668068035747
332,3.928695711140103,2408.24638612163,0.917134703024857,6150.257471890272
333,3.7957185714598363,2911.5041604893945,0.9192992242692551,6302.472999577846
334,5.064735997513767,2713.0274923841316,0.9214876588951675,6709.615807856638
335,2.0003667788947763,2029.6661962864712,0.9236993584221844,5961.645204009815
336,4.418941652635199,3009.2726920493687,0.9259336674760034,6396.75144387484
337,5.840837537264967,3409.5532203864996,0.9281899239826318,7655.948588823362
338,5.120976647883646,2557.073302709101,0.9304674593645723,7800.7032068371445
339,4.686817467108094,2125.12527457758,0.9327655987389384,7304.641609409086
340,3.6844447601244683,2548.386836890975,0.9350836611174352,6809.084745374798
341,6.834409149843895,3284.999284652701,0.9374209596081524,8148.897421364512
342,4.450589241905253,2307.735980282286,0.9397768016191039,7732.433463553366
343,4.842623080431097,2443.2244803182325,0.9421504890634589,7418.413020268779
344,3.1392105858177675,2920.9635754356677,0.944541318566399,6912.249124148572
345,5.422197183546421,2996.4346562050014,0.9469485816735442,7490.993349252365
346,4.203707857553887,2555.463351749123,0.9493715650608829,7174.495683348124
347,4.500464768357443,2311.634403008663,0.9518095507461453,6747.91858578718
348,5.527598822742426,1923.618278225133,0.9542618163015566,6289.169719917166
349,4.625804021574899,2694.667650317897,0.9567276350679085,6359.255894773237
350,3.1926607520610526,2808.4995725264434,0.9592062763698842,6055.673349262701
351,4.305635515175487,3315.8711990898682,0.9616970057325718,6710.642445005401
352,3.7389242621865604,1731.432891730933,0.9641990850991075,5859.404826234469
353,4.86613901844494,1791.9230806325136,0.966711773049375,5376.790698054678
354,4.515204651408681,2658.3413697252995,0.9692343250197071,5660.729151554943
355,4.3264889674856475,1854.6563757484266,0.9717659935235134,5244.3245828976105
356,4.601091615693829,2735.5841647930833,0.9743060283727784,5688.606841108978
357,3.773193055884178,2448.6184068311454,0.9768536769003578,5603.635115110124
358,4.955316797904833,2027.7443123149915,0.9794081841830102,5537.810266381465
359,4.276096929663865,2601.678468477708,0.9819687932650971,5712.986497530386
360,3.2765752457782007,2096.2595678205903,0.9845347453828847,5244.725581959841
361,3.6164311161587013,2096.4113306527775,0.987105280189383,4935.0271165009735
362,4.438299262533997,2554.576690240662,0.9896796359796519,5305.871442886262
363,2.8459956029245586,3133.2627601468157,0.9922570499165119,5368.602092443295
364,4.487373409066881,3415.554506230157,0.9948367582565881,6466.7229854474535
365,5.555237849966204,1974.8576393025064,0.9974179965766247,6389.4691371182935
366,5.079120598464825,2343.666611774274,1.0,6404.6368112462615
367,4.21047523308112,2603.9600367070084,1.002582003423375,6358.02466373917
368,4.378772454472508,1931.0388217942839,1.005163241743412,5850.521806718243
369,4.976510465960647,2159.849598088119,1.007742950083488,5763.861573388789
370,5.060485211021461,2235.396287989508,1.010320364020348,5807.854112213696
371,4.65617316352219,2125.308276593109,1.0128947198106169,5662.226133307255
372,5.750012044319553,2659.7858912837432,1.0154652546171152,6343.383247885296
373,3.732679862336488,2678.7966704445134,1.0180312067349029,6311.425429268749
374,5.361346151653747,2473.749291618954,1.0205918158169898,6637.366805807335
375,3.8069812757186186,2128.3130621834184,1.0231463230996423,6165.617761926231
376,6.025550770280855,1905.6613804117878,1.0256939716272215,6048.521691834163
377,5.177090021713634,2404.080101482081,1.0282340064764866,6180.761629124901
378,3.6296412410079286,2095.5484744690357,1.030765674980293,5702.684712819996
379,3.9801498975222205,2213.16514169171,1.0332882269506247,5473.896229648602
380,4.930427635657548,2138.514778643736,1.0358009149008924,5516.018350440465
381,3.2074934127723935,2259.8882119792534,1.038302994267428,5155.58490416659
382,4.20066465906824,1981.336263839043,1.0407937236301157,4971.957200047729
383,4.532879624519089,3005.539489088154,1.0432723649320912,5748.652780584841
384,4.984555156085075,2274.5131108280475,1.0457381836984432,5978.973991511609
385,4.949351492840174,2977.517792503407,1.0481904492538545,6706.256029698246
386,2.4392655766763798,2677.49519631395,1.050628434939117,6177.9721539099755
387,6.773735970564577,2058.0381270573307,1.0530514183264557,6476.750308632894
388,3.271416405525428,3132.7640479427355,1.055458681433601,6424.415105576969
389,4.34402479966953,2299.7651292860023,1.0578495109365411,6233.969983643357
390,3.0437921308736158,2187.3593430740793,1.060223198380896,5525.145874616858
391,5.516241037207759,1778.0504736429934,1.0625790403918476,5311.666679199575
392,5.536900720177285,2595.0568781067705,1.0649163388825647,6001.069066195179
393,4.245810934413925,2134.171090928323,1.0672344012610615,5754.120824050787
394,4.256544327390501,1535.8082639500317,1.0695325406354277,5040.397096611473
395,2.934648986703687,1931.0192350086372,1.071810076017368,4415.345036052838
396,4.95839661810904,2668.731069305503,1.0740663325239965,5250.845779964641
397,3.6471254187264015,2408.496334933071,1.0763006415778156,5254.505810467654
398,5.795388783383432,2512.1424345032333,1.0785123411048325,6074.827802472817
399,5.617788845611797,2269.0585993715613,1.080700775730745,6380.265472154206
400,3.942375481744343,2500.6935868482883,1.0828652969751429,6265.022035930692
401,4.360387571835,2314.3125265169874,1.0850052634436675,6150.5772849455125
402,7.737508719288732,2169.4363620532968,1.08712004101807,6800.119312937408
403,4.249020832686095,2336.9838053741014,1.0892090030441146,6526.339212206781
404,5.052861849647407,1871.156479638647,1.0912715305172689,6113.80559080179
405,5.772663951831915,2654.769456892757,1.0933070122661301,6689.895949256574
406,5.176830025056386,2166.1047126859803,1.0953148451335264,6613.023826096865
407,5.1982265524936,2873.710508240111,1.0972944341552473,7150.88526069827
408,4.392292001984085,3355.794702958252,1.0992451927363418,7780.11440105354
409,4.600474105830546,2774.2870987560045,1.1011665428249418,7947.8223987256415
410,4.126727098535641,2179.425753246319,1.10305791508355,7255.716699163172
411,5.09161265898266,3208.135469824638,1.104918749057747,7953.557238136598
412,5.09696017977063,1811.7648616701526,1.1067484933422662,7046.171930669112
413,5.303525442320201,3162.5848947551294,1.1085466057443867,7786.508386391664
414,4.402183076333809,1828.4326213588001,1.110312553444598,6746.122947519363
415,3.511423083269569,2388.4656594448525,1.1120458131544833,6031.737935822193
416,3.795783184578946,3353.4867117386275,1.1137458712717843,6510.769077639449
417,6.2334190276844454,2456.204768122384,1.1154122240325908,7137.689202660666
418,5.841806656641286,2016.4425554584982,1.1170443776606163,6818.2047514709175
419,5.861819819534784,2361.3124748387145,1.1186418485135166,6943.100228121006
420,5.185583376363873,3758.4556006905996,1.1202041632262014,8316.887637069738
421,4.312068918816875,2645.9938017636487,1.1217308588511041,8080.715647986253
422,4.673802841165905,2189.1745462760514,1.123221482995362,7361.535620572707
423,4.3858065990238675,2321.4423113154353,1.1246755939548712,6749.873338695563
424,4.304397803514665,2273.732504673849,1.1260927608451716,6234.145535466677
425,5.303258964359328,2330.958575198278,1.1274725637291292,6337.158339554147
426,3.094883898728395,2266.6760878327723,1.1288145937413705,5523.4412863010975
427,5.033188551064285,2196.08098276929,1.1301184532094395,5638.0359070598715
428,4.567144339721278,1913.3341761629104,1.1313837557716364,5271.900803603584
429,4.308395235616068,2903.0164881524233,1.1326101264915045,5860.053642325795
430,5.251657739065473,2775.462749265772,1.1337972019689322,6680.573221739113
431,4.458063598602163,2674.3615006443147,1.1349446304478366,6839.466138524563
432,3.978822529422807,3033.568505272001,1.1360520719203955,7027.584380801974
433,4.816499668263716,1989.4444474751444,1.1371191982278,6456.756904364713
434,2.7595609345835745,1507.3888955113375,1.1381456931574951,4938.803229031787
435,4.101147633197705,2128.9151929138534,1.1391312525368795,4792.194775570596
436,3.4712125839895847,2336.6707239193497,1.1400755843234387,4668.773416995087
437,3.6197359318657867,2337.6689099017585,1.1409784086912842,4687.545179544854
438,4.817916008494671,3034.8219217604774,1.1418394581140714,5965.442751683644
439,3.3070963080110403,2931.792379796252,1.142658477444273,6013.272178940525
440,5.732488999811306,2790.0804936176796,1.1434352239887857,7084.264137221439
441,5.374066836205,2037.0129081846105,1.1441694675808451,6739.03563619697
442,6.3392844723055335,2833.321844256435,1.1448609906482283,7736.777025242521
443,5.485429907209259,2450.4155589412926,1.145509588277726,7719.032091919197
444,4.61687417146818,2957.7448328525197,1.1461150682758632,7838.15712449075
445,3.218597083719769,2419.882929129386,1.1466772512258485,6853.186624756523
446,6.087463567063727,2706.3137001125383,1.1471959705407413,7590.965874847618
447,4.435370639586426,2601.011022880112,1.1476710725128139,7295.0011343123715
448,6.267438998567139,2649.1383997533794,1.148102416359098,7892.259933605131
449,5.240210257163605,2906.0047976045735,1.148489874263103,8195.713482670817
450,3.3192700565079667,2125.49876764647,1.14883333141269,6856.991122168661
451,4.39096894685794,2449.99302577978,1.1491326860340927,6493.451393398687
452,2.6127912535453204,1282.9479382489333,1.1493878494220768,4649.5523322434765
453,3.6360074074754114,2348.5651419701035,1.1495987459662234,4602.662541855394
454,4.209918474526396,2561.0048433533348,1.1497653131733347,5114.830055939876
455,4.8112341894286486,2996.4436500842908,1.1498875016859524,6250.723070991366
456,4.996701523509953,2151.839109815474,1.1499652752969836,6171.856835070686
457,3.629569722323212,2597.4596128816115,1.1499986109604285,5912.6452804390365
458,4.604810518493563,2528.756317591667,1.1499874987982106,6131.9248905179165
459,4.9655904020944694,2718.350686377622,1.1499319421031036,6659.008242348554
460,4.509342887753972,2579.8485334008374,1.1498319573377551,6682.5692476984805
461,5.414083931053895,1541.3272205258495,1.1496875741298087,5789.284233424831
462,4.759177109280616,2149.0309509174954,1.1494988352631255,5593.253823439069
463,5.223590683568929,2663.6260009249113,1.1492657966651045,6245.387341439913
464,2.36134014292155,2196.3258465667477,1.1489885273901121,5268.815035586217
465,4.622408846779225,3142.9526186352514,1.1486671095990182,6333.618747821579
466,4.0151407528275085,2289.3317594573355,1.148301638534851,6045.80059695427
467,5.192490863396262,3194.5983499007343,1.1478922224945745,7257.603805952038
468,4.654659154096118,2729.4110208643137,1.1474389827969973,7404.4687571647755
469,6.355297201683439,2782.8329374944587,1.1469420537468236,8246.939728294308
470,3.8743292783817584,2377.0721028798075,1.1464015825948553,7362.27370877468
471,4.759164610781007,2572.82006174383,1.1458177294943592,7163.9970376855335
472,4.44178613177928,2458.586634774146,1.1451906674536096,6774.251021073685
473,3.8015800223647753,2312.7469402889546,1.1445205822846223,6081.408991493687
474,4.472328879254377,2822.024145929846,1.1438076725480943,6436.979490398516
475,6.144955065588514,2498.301424634851,1.143052149494567,7097.114769306512
476,4.533621886841637,2414.3050476217863,1.1422542370018258,6776.858940420563
477,4.406955490637102,3095.746147185959,1.141414171508563,7169.511887679146
478,4.507317482622873,2673.928362579666,1.1405322019443147,7125.227018583861
479,3.5312506937514523,1887.4578071639257,1.139608589655697,5891.838785909464
480,5.465413100189024,2949.9363797756896,1.138643608328964,6963.678628603799
481,5.541323946844981,3066.3396059824013,1.1376375439089093,7935.039312195897
482,4.744940095085748,2468.066655180433,1.1365906945141324,7568.44537406494
483,3.3547918847886153,2045.2810819304598,1.1355033703487025,6242.248891332954
484,2.088103043266066,2548.8109602279255,1.1343758936102364,4997.192474850022
485,4.942971401069849,1739.4604255517374,1.133208598394424,4711.51429342666
486,3.8431024580676505,2044.4893346253414,1.1320018305960304,4471.443850672745
487,5.0588929396937425,2594.9759022708654,1.1307559478063982,5431.394707703745
488,6.67464666041451,2920.095683785439,1.1294713192074868,7203.740980234103
489,4.896008721276747,1868.5523223037635,1.128148325462474,6598.903241311749
490,4.746324003541591,2027.778317929921,1.1267873586029595,6102.8714037106765
491,6.622242792910022,2433.867624924675,1.1253888219127954,6796.093287101251
492,4.561322912715345,1967.2162773634634,1.1239531298085865,6237.060046258737
493,4.0731712874601325,2183.2780744247175,1.1224807077168875,5807.482389348288
494,5.445495634667104,1428.5154868591612,1.1209719919481416,5138.441722467233
495,3.9502258801642296,2752.8297404696414,1.1194274295673923,5350.466196748381
496,5.004250005004246,3054.870695204053,1.1178474782618073,6367.287205371116
497,3.764347516887693,2653.0375341537465,1.1162326062050563,6402.181174321992
498,5.811540822759708,2638.751447783319,1.1145832919185814,7116.889336768893
499,5.550411822932572,2681.8437100770884,1.1129000241298013,7579.530218203832
500,4.19240759448336,2210.3603693510163,1.1111833016272894,7007.747805029663
501,3.4439933382780104,2246.9585521084437,1.1094336331129733,6222.259948974407
502,4.664568452672918,2712.7884468855427,1.1076515370513944,6485.083211852754
503,3.4435833554297135,3203.630689344551,1.1058375415160766,6570.327151896204
504,4.3171711755232005,2710.1140762873274,1.1039921840330467,6672.8949662873065
505,4.086455311662298,2277.0194296147793,1.1021160114215525,6199.274997679482
506,3.407967263525822,2504.638209592531,1.1002095796320301,5724.352685286598
507,4.06586653565535,2680.4266129299467,1.0982734535813627,5861.381546098358
508,3.5591329512505436,2145.6768081274295,1.0963082069854846,5276.811426944266
509,5.694093837864764,2191.689573596295,1.0943144221893752,5696.258587633007
510,5.1910492063285005,2793.965933803074,1.0922926899944994,6450.595653805757
511,3.8242130278110062,2260.554948944869,1.0902436094837384,5988.546498830341
512,4.318697832254123,1551.1276367762066,1.088167787843871,5106.401839745948
513,3.9451038235377105,3106.1238615050097,1.086065840185649,5669.5921324504
514,5.4526889215770185,3036.0324303709262,1.0839383893615264,6866.440006106207
515,3.1156494149714984,2801.513850329254,1.0817860657810976,6508.081637036221
516,5.138443977819962,1816.9730251679773,1.0796095072242902,5979.2332732146815
517,3.760178418460395,2053.925656864846,1.077409358652378,5344.445160225582
518,3.78448346964601,3549.202666401767,1.0751862720168663,6136.54522278621
519,4.660915165097504,2582.1808887378093,1.0729409060663035,6407.617036620453
520,4.579824444451183,2938.3028268484522,1.0706739261510796,6869.359548697353
521,3.837405908594697,1993.9913563962045,1.068386004026269,6059.081375891695
522,3.6948450603266325,2732.6627969822866,1.0660778176525743,5933.25383961035
523,5.800704423250844,2257.3686390562384,1.0637500509954332,6237.275036845196
524,2.5126730990247106,3144.648069705926,1.061403393822343,5768.427306789536
525,4.169682985768025,2639.3034050000565,1.05903854149847,5920.786142822665
526,4.480078150625526,2069.0748092696117,1.0566561947805948,5602.207858996666
527,3.0922967145883513,2708.075224387139,1.0542570596094651,5317.970342016433
528,2.1826695609868523,2227.976822658969,1.0518418469006101,4434.307604850234
529,5.321432289107383,3007.2244188429927,1.0494112723336797,5967.582653783341
530,3.2526242453236582,1778.0910162629489,1.0469660561403742,5077.588620987055
531,3.0664755089146385,2288.542388737265,1.0445069228910235,4647.776860786342
532,4.260638323094867,3560.1670668333763,1.0420346012798825,6035.019239143996
533,5.426977086946389,3136.185967657222,1.0395498239092011,7285.142757332311
534,5.714276531582021,2640.8204068222276,1.0370533270721405,7703.619742548894
535,4.083463587826987,2919.58412712005,1.034545850534592,7533.518165960216
536,4.944480864681562,3479.0077621913924,1.0320281373159692,8348.135948356303
537,3.461919512718906,1677.9765548936607,1.0295009334690366,6758.570802316649
538,5.2901712528552665,3182.504389491586,1.0269649878588343,7573.505595213288
539,3.8720695961082137,3156.011430225666,1.0244210519407777,7483.143109219167
540,5.117419050641156,2190.6124869382825,1.021869879537981,6961.365847962575
541,4.235510345636616,2656.7506675890963,1.0193122266178871,6666.601818947742
542,3.4513929910697385,2028.6201595272928,1.0167488510682543,5645.528922377355
543,5.011108767993851,2138.8877746038984,1.01418051247258,5553.711891007345
544,2.756330574124131,2995.5705154107727,1.0116079718850195,5251.501073357685
545,5.4634145660492734,1935.5289995581368,1.009031991604869,5285.348237553631
546,5.7895578793648275,3176.3171074354236,1.0064533349506797,6726.989237167132
547,4.974615080303212,2853.0285633389585,1.0038727660340698,7195.3696036698575
548,4.251432711425901,2808.1584829510216,1.0012910495333032,7195.704972511914
549,4.286506515101381,3615.1944309664386,0.9987089504666968,7850.918959214519
550,4.992946483931821,2279.6974422422695,0.9961272339659303,7470.983604507894
551,2.9295295570170494,3080.94244224128,0.9935466650493204,6853.249599818125
552,5.261326086805679,2823.042537623064,0.9909680083951311,7261.682304591192
553,3.571438575936645,2780.7831627393066,0.9883920281149807,6801.584931189554
554,4.419056871921875,1279.0203027135522,0.9858194875274203,5374.497435211755
555,5.110672269017898,2201.5884217478797,0.9832511489317459,5400.882259537158
556,3.931794846751409,2283.2369235096276,0.9806877733821128,5163.367202022881
557,5.130430449918102,3070.4897634702716,0.9781301204620187,6184.133959507555
558,5.3932478636857795,2188.703116061535,0.9755789480592225,6258.819074081266
559,4.726821774203275,2687.7171424145004,0.9730350121411657,6467.367291760238
560,4.172909666879604,1399.8928032410583,0.9704990665309635,5498.975405464042
561,3.375182952412923,2180.4572007377983,0.9679718626840306,4995.786322444732
562,5.024721903979691,2213.618548769463,0.9654541494654082,5176.933765826645
563,6.1208615316373685,3059.9204010013505,0.9629466729278598,6442.476324527623
564,4.550125100016835,1791.2411729238188,0.9604501760907989,6041.587219524629
565,3.536058092928226,2782.166472945952,0.9579653987201177,5947.153095249799
566,5.964826110289524,2988.9011358765297,0.9554930771089766,6922.650186567804
567,5.474706051298174,2545.5146919360977,0.9530339438596259,7209.476458444914
568,1.7369116907624322,2300.5772409821516,0.9505887276663205,6228.165221809268
569,3.935051349633957,1979.757875768467,0.9481581530993901,5659.996717716417
570,5.0421509921577545,2301.029987538688,0.9457429403905351,5734.382444033814
571,3.5169959029465785,2222.982964769416,0.9433438052194053,5331.3874969553435
572,3.5898433661112827,2230.7629564783438,0.94096145850153,5046.466111309985
573,6.063170917483346,2426.071316716419,0.9385966061776567,5715.487148893011
574,2.133765825358652,2286.7616660070394,0.9362499490045672,5039.4891142964925
575,3.5484559064515775,2125.063669603276,0.9339221823474259,4779.51849613817
576,5.7553271620989035,2703.0776923108765,0.9316139959737313,5700.696313740757
577,4.700431096137842,2703.1955926633445,0.9293260738489204,6096.006600568548
578,5.170314378650855,2894.9905206787976,0.9270590939336965,6703.518274164022
579,5.858939284329264,2253.5404029535416,0.9248137279831338,6837.161836389979
580,2.5488881413161475,2075.352715189283,0.922590641347622,6020.532602657412
581,4.063136658244065,2106.5018059937993,0.9203904927757101,5620.420705843615
582,5.847490354232379,2191.921540273029,0.9182139342189024,5788.492842491557
583,4.760444334131287,1394.6515907168914,0.9160616106384737,5094.966178217542
584,5.128805381663676,2646.269763090471,0.9139341598143512,5476.226213909505
585,3.9581231919346758,3107.437444464778,0.9118322121561291,5843.788554259428
586,3.3533821695845747,3010.165463995819,0.9097563905162618,5995.632162091631
587,2.9577656230054465,1251.2224032012891,0.907707310005501,5138.826572049391
588,3.097765835514294,2637.869159308382,0.9056855778106249,4997.471673627114
589,5.013575845598015,2686.994856166067,0.9036917930145153,5586.889790019424
590,7.180632155706419,2793.4261524215867,0.9017265464186374,6758.257278132203
591,5.028717784842888,2209.6747493522553,0.89979042036797,6698.535576792649
592,3.272818882817247,3048.1158607983903,0.8978839885784476,6591.963223290649
593,3.5420906982830735,2642.7944967009403,0.8960078159669533,6398.713897665736
594,3.3311283763450827,2249.6555857393864,0.8941624584839233,5914.177904006625
595,6.174893028252027,2943.6534758336306,0.8923484629486058,6831.400778002724
596,3.626909180508906,2591.7613551259033,0.890566366887027,6599.335669265644
597,5.878123982689699,3036.549426849235,0.8888166983727106,7368.3421570344935
598,7.099391848215924,2969.2458286473984,0.8870999758701987,8286.8807106669
599,6.042224961620588,2313.179218432842,0.8854167080814187,8171.870507347365
600,3.3496569261010065,2089.4244896676746,0.8837673937949438,7282.0675384298565
601,3.786070866151559,1828.3320644448531,0.8821525217381929,6331.704124318452
602,4.145996578847389,2577.3615537759883,0.8805725704326077,6086.16681278923
603,3.803236348816758,2150.4695589768166,0.8790280080518584,5615.257453575904
604,5.882190185426898,2140.000702399337,0.8775192922831125,5717.419192106506
605,4.535823676800226,2903.635155730065,0.8760468701914136,6022.669735879527
606,4.738146092821847,1827.7622148418675,0.8746111780872046,5687.979988868472
607,4.024973691925082,2217.9504737983634,0.8732126413970407,5440.005398537038
608,6.384187011118723,2027.9934788159999,0.871851674537526,5593.321033698876
609,5.86565323149888,2945.815741223724,0.8705286807925133,6269.195002967036
610,4.0126241576687125,3213.464476538721,0.8692440521936017,6619.731995789851
611,3.118001600334134,2940.1006162011836,0.8679981694039697,6604.970190104239
612,2.5424522246068237,2652.6808635187513,0.8667914016055761,6240.752214065502
613,2.751420294292093,3732.706723381578,0.8656241063897636,6369.542909477055
614,3.6777807022019373,1016.9142192265147,0.8644966296512974,5233.595053840092
615,4.510687243805974,2389.927884560549,0.8634093054858676,5281.800062977192
616,6.195877209149861,2775.95471422014,0.862362456091091,6157.366522807356
617,3.7340275550729007,2674.7139178689226,0.8613563916710361,6106.5960622429475
618,4.007618539768383,2678.4803529341852,0.8603914103443031,6130.288070275542
619,3.9825741891090676,2920.4777987392795,0.8594677980556853,6290.337377469114
620,4.842630993230744,2851.1448019124227,0.8585858284914369,6663.658046902181
621,2.206266581621084,2707.4414444921667,0.8577457629981743,6054.613883874284
622,4.722000737798331,2565.4772815819065,0.8569478505054332,6190.907229592881
623,3.511461603587394,2449.445758478524,0.8561923274519057,5852.144898938408
624,4.497325302999691,2389.5330216517546,0.8554794177153777,5803.46545424344
625,3.4107024605147016,3910.117305753325,0.8548093325463904,6338.31297401599
626,6.86984494231216,2359.555475448244,0.8541822705056409,6855.758468596676
627,4.6058880086982,2302.731475865592,0.8535984174051447,6581.555327007587
628,4.441069102437276,3306.4181852783813,0.8530579462531765,6964.684785632564
629,3.8032636305535203,2364.813165856435,0.8525610172030027,6585.733619746657
630,2.7627279042787984,3786.350667290635,0.8521077775054254,6568.6955790136035
631,3.426205147849545,1919.1993810419467,0.851698361465149,5838.137593192774
632,4.291808377005955,3488.0881800892867,0.8513328904009818,6526.641036077824
633,4.627316710682795,2240.4058328371843,0.8510114726098879,6312.533061446563
634,5.170450632899803,2608.3162896691156,0.8507342033348954,6509.626725106202
635,4.482662598562601,3084.5143756401176,0.8505011647368745,6816.5831503880545
636,4.723704369075725,2594.3676921947535,0.8503124258701912,6823.102236648269
637,4.6861623681093585,2933.779104701637,0.850168042662245,7032.58882421656
638,3.5372714041329174,3112.863299072924,0.8500680578968964,6944.6905734278425
639,4.423855568370566,2372.2156180911525,0.8500125012017893,6658.894696254935
640,4.423459639405964,2951.234911805577,0.8500013890395715,6798.759743438478
641,4.103054415060982,3344.6211862161263,0.8500347247030164,7110.637211226241
642,7.057780102381955,2523.894280512554,0.8501124983140474,7623.030757875755
643,3.5970670560018423,2542.162348930902,0.8502346868266654,7066.8654556910515
644,5.162623686178608,1923.3490664451365,0.8504012540337766,6484.871310143068
645,6.068017247112582,3527.30501571012,0.8506121505779232,7591.791803692395
646,3.9042932709568983,2630.4446257344334,0.8508673139659072,7342.771301719823
647,4.931370137427354,2918.476014985364,0.8511666685873102,7528.827795466188
648,4.820402618303805,2840.8481725295023,0.851510125736897,7597.684174316753
649,4.200599827091422,2294.8654103901677,0.851897583640902,7078.368019611347
650,4.7464367393324265,3469.3687936289843,0.8523289274871861,7593.92335815981
651,3.0898661376562577,2590.2198089248573,0.8528040294592586,6996.471352616503
652,5.5080631264014,2435.228692848541,0.8533227487741515,6986.6339783102285
653,4.155959737716815,2195.6405207382027,0.8538849317241368,6411.800648601947
654,4.301210839981072,1665.4976640389407,0.8544904117222739,5578.754742216233
655,4.687322378355652,3541.9865085488045,0.8551390093517717,6403.512759621915
656,4.223283002828255,2821.658687277988,0.8558305324191549,6553.98795528771
657,2.874813930234779,2348.658259539671,0.8565647760112141,5959.142052032407
658,4.554078803810587,2799.3067498359383,0.8573415225557269,6235.01243711797
659,4.579986674038339,2065.910433480179,0.8581605418859286,5917.710142384388
660,4.89151684124386,3103.4289759838325,0.8590215913087156,6500.439514306089
661,4.659563758664013,3141.1229449337698,0.8599244156765611,6991.107184026382
662,4.9389788836612345,2418.847521081753,0.8608687474631206,6947.942525885798
663,4.72208524787727,2505.9484499276637,0.8618543068425047,6830.552902934096
664,3.9096295137499353,2540.638140330609,0.8628808017721998,6515.947621357806
665,2.9630580427558018,2477.01815657541,0.8639479280796047,5933.9187081223445
666,5.897516220800437,1642.5326325946485,0.8650553695521636,5517.5690742046745
667,3.999634471197295,2698.3314247121493,0.8662027980310677,5512.153471848073
668,5.74039991079785,2545.351096132361,0.8673898735084953,6002.798422701815
669,4.581111932642155,2321.062806755764,0.8686162442283636,5957.2033093921245
670,6.499866356484401,1861.2904585032647,0.8698815467905605,5905.121965842469
671,5.049019049997246,1796.1260954963282,0.8711854062586295,5523.275373351716
672,4.753319568839326,3177.490110638512,0.8725274362708708,6005.177776451856
673,3.5230049754420767,2201.38291889107,0.8739072391548284,5778.659026111711
674,3.8839097138616774,2064.1240049731014,0.8753244060451288,5519.811592340542
675,5.653083005821511,2075.1343065021574,0.8767785170046378,5602.717986908415
676,5.245454439454996,2927.686243191797,0.8782691411488959,6150.232792415216
677,4.899377007747372,2021.462643026846,0.8797958367737986,6063.385792427726
678,3.6312020537303056,2313.851179013714,0.8813581514864833,5826.581876151071
679,3.2882711964012694,2527.2291994433876,0.8829556223393836,5641.797055338301
680,2.531116214700785,3387.229551009673,0.8845877759674093,5621.098257716131
681,2.7094809233096617,1944.4970517615034,0.8862541287282156,5093.2079266127475
682,5.694617292096639,2626.86521495427,0.8879541868455166,5802.261015312169
683,5.358615513565563,3170.2150986749853,0.889687446555402,6705.685266123521
684,5.226739367936419,2426.674438173487,0.8914533942556131,6896.060369680102
685,4.916175852547459,2392.486951707258,0.8932515066577338,6853.33169780762
686,4.639194246579828,1969.08046269345,0.8950812509422528,6403.97710995953
687,4.23267189573022,3028.6015137090562,0.89694208491645,6570.525813078819
688,5.291759219774549,2478.567756654001,0.8988334571750581,6719.023414967893
689,4.8773852501175705,2270.423988767783,0.9007548072636582,6565.857933533659
690,4.452502463167115,2483.2123839308183,0.9027055658447526,6453.921974429247
691,5.445520116385987,2691.5655488025395,0.9046851548664734,6793.599389723571
692,5.653418032297977,2483.0751398799607,0.9066929877338697,6989.268342401755
693,4.191090387565139,3838.5858210437123,0.9087284694827309,7630.300681892252
694,4.319744390752441,2315.758273969209,0.9107909969558853,7398.811236361464
695,3.8187022733022213,3045.3425785336717,0.9128799589819298,7354.762198054685
696,3.5950130704123793,2362.009671367663,0.9149947365563322,6800.185266552289
697,4.261217011760798,2779.4999312957407,0.9171347030248568,6766.860922047254
698,3.7030491733856223,1457.886142589898,0.9192992242692553,5635.945053495914
699,4.253630271237919,1820.52175619934,0.9214876588951676,5049.899349959399
700,4.552612872179665,2697.280550984829,0.9236993584221841,5424.910295503012
701,4.170968767985927,2325.138281341385,0.9259336674760031,5388.6397652842
702,3.482671841169984,2896.993868302679,0.9281899239826319,5510.8313939776735
703,3.385541093619716,2657.92615107982,0.9304674593645724,5471.162606650857
704,6.348350708281877,2208.623602763918,0.9327655987389384,5963.245487234851
705,5.141908562750642,3253.2242799870046,0.935083661117435,6846.776088303296
706,4.81681552296569,2187.144065780148,0.9374209596081525,6700.637688068137
707,3.4829710194642263,1825.005376333469,0.939776801619104,5906.234781128755
708,6.607103144447912,2832.1739143618424,0.9421504890634589,6879.278330262491
709,3.2031974965697034,1982.2455144901169,0.9445413185663991,6172.376688354061
710,4.049437568042784,2969.7830532056346,0.9469485816735442,6356.590355785764
711,4.322900372926729,2387.788710462183,0.9493715650608829,6244.230452342219
712,4.708348828594784,3400.9001639558874,0.9518095507461451,7063.42026578012
713,4.706224469385697,2227.321991135221,0.9542618163015567,6843.819699328365
714,4.383973565363391,2917.818037628956,0.9567276350679086,6997.819832728728
715,3.6928764984902,1822.1862411540396,0.9592062763698841,6115.810518196105
716,5.699545087227207,2854.1008559806482,0.961697005732572,6830.106739820785
717,3.821073979792789,2428.142696236928,0.9641990850991075,6454.311295945044
718,4.560093469664283,1499.9543137388064,0.9667117730493751,5551.859674925281
719,6.165330121915281,1772.3613726935198,0.969234325019707,5369.656183842254
720,6.152881325856041,2465.544596041907,0.9717659935235133,5918.651970888933
721,5.672404758204541,1760.7502924260364,0.9743060283727782,5685.933601490214
722,5.855540340527577,3018.8250591963197,0.9768536769003576,6532.6805971062695
723,2.963589669261789,3356.8966338236887,0.97940818418301,6639.248425133651
724,4.504712168356752,1542.1606361286204,0.981968793265097,6066.771175130674
725,2.83746776815818,2040.6084690401442,0.9845347453828847,5367.576193356193
726,5.083157926228984,3302.0839865769703,0.9871052801893828,6436.8981113970385
727,4.803161014144168,2820.2223924436557,0.989679635979652,6919.863213630913
728,4.233098347659084,1929.8677140170116,0.9922570499165119,6408.412968026023
729,5.452088531104529,2180.1100606568434,0.9948367582565879,6352.6803353038495
730,3.102551846170673,2654.0957062208445,0.9974179965766246,5954.672741150994
731,5.361765625849694,2478.9602713433273,1.0000000000000002,6298.443769411617
732,4.746477861201821,2749.911126494847,1.002582003423375,6618.32779526104
733,7.247616899550359,2226.0043150322654,1.0051632417434115,7066.983822982205
734,5.150789881150909,2439.4546926896596,1.0077429500834878,7036.822426501955
735,5.158404761565663,2002.9701861745705,1.0103203640203482,6648.311576683973
736,3.551567718202951,2648.051353969685,1.012894719810617,6327.778666099718
737,5.47261029133109,2658.2270954620044,1.015465254617115,6774.821036171068
738,4.574587525857773,2897.7270587253324,1.018031206734903,7082.440702528851
739,5.205529933072932,2130.366273494843,1.0205918158169898,6883.4250529924275
740,3.134671716099982,2107.192890943394,1.0231463230996423,6071.14406869476
741,3.778354031465123,1848.427211065873,1.0256939716272215,5358.8345094565175
742,4.250214666933875,2736.1594028767013,1.0282340064764868,5655.812592101762
743,5.528079670805169,2646.2975434732607,1.030765674980293,6357.347525354345
744,3.638937182363242,2178.151748793755,1.0332882269506247,5911.773500314688
745,4.145702095086895,2413.133255093735,1.0358009149008924,5833.804280573236
746,5.490237549931561,2491.992041348342,1.038302994267428,6308.866323667749
747,3.5260440766433083,2347.3641386014865,1.040793723630116,5914.93594162659
748,3.7597470850008303,1320.2155607989835,1.0432723649320912,4873.028668583959
749,3.2046944835697166,2729.388074789095,1.0457381836984434,4852.114117590392
750,4.3977171412500775,3188.9526186426333,1.0481904492538547,5843.83535488139
751,4.408144061986658,2679.5342349381117,1.0506284349391168,6222.949054746
752,2.8806642448016406,1719.1687767507142,1.0530514183264557,5244.527451368564
753,5.126179503079108,2824.975570217637,1.0554586814336009,6123.9584376130215
754,4.026059410979613,2640.4061372754772,1.0578495109365411,6184.0195553545955
755,4.242651286697272,2480.1452446581425,1.0602231983808958,6150.24519878614
756,5.467767342023287,2479.749310859832,1.0625790403918474,6551.838879036247
757,5.7002059361980955,2575.4745661385623,1.0649163388825647,7016.664550626802
758,2.830211710426975,2164.139450240312,1.0672344012610615,6050.516418485219
759,4.135618285770804,2037.7498525253836,1.0695325406354275,5541.95237913078
760,4.86690567264693,2582.943258034129,1.0718100760173683,5951.9515206741025
761,4.784379042163767,3347.391622413414,1.0740663325239965,7012.755443943035
762,4.86843994063104,1908.7791894195684,1.0763006415778156,6498.502954175656
763,5.610149772205638,2632.804637217969,1.0785123411048323,6970.441454743566
764,4.925353018757596,3467.758715747175,1.080700775730745,7933.545716542082
765,3.803047193842801,1930.5282969311575,1.0828652969751429,6939.508969059785
766,4.399541034090388,2773.187778971128,1.0850052634436675,6933.791257631267
767,6.15124002218825,2331.0355817589702,1.08712004101807,7146.67630657434
768,3.73000140307796,2020.9717681106586,1.0892090030441146,6185.653035090442
769,4.921762460592544,2460.0809132219683,1.0912715305172687,6272.256994422147
770,4.83137620062484,3014.2697217281534,1.09330701226613,6916.99673098703
771,3.820082831274246,2224.984203697765,1.0953148451335268,6319.042473787258
772,5.4799213754490035,2553.849035904297,1.0972944341552473,6752.277479966428
773,4.386212340979306,2999.7831964282914,1.0992451927363418,7070.529534576489
774,3.621585997031861,1614.595235179926,1.1011665428249415,5822.302738970585
775,5.000218759094103,1777.9500463987463,1.1030579150835502,5316.743598609723
776,5.023675134787728,2410.6919463529634,1.104918749057747,5658.340560126546
777,4.163809831356667,2543.364799488976,1.1067484933422662,5759.601567732299
778,3.745830360525692,2671.431646784302,1.1085466057443867,5800.660373936359
779,5.396176312493317,3185.5842889724286,1.110312553444598,7132.428579133331
780,2.961503980155359,3547.8386101414635,1.1120458131544833,7164.453173255987
781,5.065597093756399,2492.5459596328756,1.1137458712717843,7240.222720670326
782,4.204773302685356,1882.0440817889075,1.1154122240325908,6232.77662348309
783,6.370343543985742,2323.433733453165,1.1170443776606163,6693.1720738384765
784,5.749585419372437,2600.8574225326233,1.1186418485135166,7141.323734607131
785,5.265137372846842,2499.4954780946964,1.1202041632262014,7211.235660098119
786,4.218070929704948,2009.8665938131994,1.1217308588511041,6420.431418866455
787,3.1728664585759105,3574.901375678258,1.1232214829953622,6553.2098736868475
788,4.2980639007320365,2095.8860364984243,1.1246755939548712,6060.1601835683705
789,1.5709564096581032,2283.997636104057,1.1260927608451716,4659.211405069333
790,4.251922610562032,2875.3906773028857,1.1274725637291292,5490.22770946665
791,3.9098330414452693,2304.63186802467,1.1288145937413705,5343.931557819492
792,3.8777310063955737,2514.525808860857,1.1301184532094395,5401.178627983882
793,5.655666631840995,2724.512637506988,1.1313837557716364,6518.210801617586
794,3.071568606715278,4000.0,1.1326101264915045,6988.336580088931
795,5.286624575521415,2111.936578680812,1.1337972019689322,6719.297587503306
796,3.786755732266916,3017.3712563773042,1.1349446304478363,6705.807430992285
797,3.7150365827879277,2627.430129418549,1.1360520719203953,6325.106185069118
798,5.396146296645021,2760.9924403661,1.1371191982278,7043.938171981704
799,6.830961758691431,2725.5999101518664,1.1381456931574951,8124.091607769546
800,5.429682402322904,3080.592114962425,1.1391312525368793,8676.333660282018
801,4.99635275256029,2224.897339647338,1.1400755843234387,7882.18280205425
802,3.796724297482191,2494.5719861506923,1.1409784086912842,6973.84352374566
803,3.627669931802132,2777.5764451453056,1.1418394581140714,6509.44520607478
804,3.101517584983504,2177.478190793503,1.1426584774442732,5444.41960011197
805,5.203601572543504,2980.6503320163592,1.143435223988786,6658.5690242881265
806,4.734458650450067,1979.624369671294,1.144169467580845,6064.776591400205
807,4.536358145390602,2424.980600189094,1.144860990648228,6020.070514964893
808,3.0712749096754868,3094.263738667107,1.1455095882777262,5864.380894524908
809,4.4068036788441685,1916.95846619421,1.1461150682758632,5357.572560211125
810,3.5375125253372315,2418.6736842858677,1.1466772512258485,5114.346115967617
811,4.676470410138598,3121.8228529956145,1.1471959705407413,6298.115308485066
812,2.3532972945097757,1518.4932645172998,1.1476710725128139,4755.431848239484
813,4.632154954341076,2157.663745325138,1.148102416359098,4967.2841693464925
814,5.713229188597264,1830.9299315609949,1.148489874263103,5089.80127313814
815,5.380760271617648,2812.0507837593323,1.14883333141269,6173.65844279315
816,4.871531136211404,3000.082484283215,1.149132686034093,6977.794821851611
817,4.281435867838988,2834.5503761124664,1.1493878494220768,7160.66240664217
818,4.806717078074415,3363.8277557647452,1.1495987459662234,8061.805858815488
819,4.211434696392494,3008.2477807289615,1.1497653131733347,8065.469910375487
820,6.274567931708172,2814.7937388617565,1.1498875016859524,8734.873383164224
821,3.5541865879572883,2325.109364312215,1.1499652752969836,7426.961484777898
822,5.077953081440776,2103.977490048953,1.1499986109604285,6707.710189733347
823,4.8045125342870465,2216.271333741027,1.1499874987982106,6261.891193233743
824,5.763380585296993,2304.2562473957532,1.1499319421031036,6482.380278302216
825,4.269671641971378,2627.6410449096293,1.1498319573377551,6407.835520378673
826,3.5447087677106053,2386.9358699500553,1.1496875741298087,5858.990911716676
827,4.924140133412378,1239.5907203063734,1.1494988352631255,4745.992180122633
828,4.38267653230225,2450.019623666464,1.1492657966651048,5055.880321362161
829,4.976570975415164,3016.1319673314974,1.1489885273901121,6205.457991941551
830,4.366167383473589,2008.295755791512,1.1486671095990182,5853.093133201056
831,3.463183838712407,2172.824319914668,1.148301638534851,5324.908888674707
832,4.94728999334368,2156.967050202948,1.1478922224945747,5458.155065822693
833,3.16306024086317,2545.9178434249343,1.1474389827969973,5197.624264237321
834,4.056213483984889,1913.9250967224598,1.1469420537468236,4865.395928534584
835,4.221589566063991,2271.986312262336,1.1464015825948553,4994.788757946327
836,4.55723238715986,3214.7299464586854,1.1458177294943592,6151.280612217722
837,4.955926039853453,2764.34451486203,1.1451906674536096,6815.6527323770815
838,5.374869005542636,2362.9082825428936,1.1445205822846223,6977.041826774413
839,3.4805425755361927,2938.3199886924735,1.1438076725480946,6771.154921665418
840,5.475279125236217,2048.41173233052,1.143052149494567,6519.905415622236
841,4.642129516782333,3577.6140770888537,1.1422542370018256,7580.399748035778
842,4.820201511303376,3026.05464716253,1.141414171508563,8041.040101743588
843,4.7280553820837445,2582.2507425301,1.140532201944315,7786.295220420277
844,3.2093302514306785,2699.572874290898,1.139608589655697,6894.818597496102
845,4.402372743860438,2131.7428189536877,1.138643608328964,6186.294900275579
846,5.48761200513968,2839.327453489634,1.137637543908909,7028.671213454673
847,4.284864801191657,3766.6850183727393,1.1365906945141326,8001.810502224646
848,6.20424247479041,2699.730520486005,1.1355033703487025,8538.284567248278
849,4.394875445164732,2320.970745778548,1.1343758936102364,7579.113852642025
850,4.710617147067313,2659.3138596662966,1.133208598394424,7318.766384885511
851,3.9120229874818704,2970.7979699325565,1.1320018305960304,7086.4687748133
852,5.746102580593643,2180.210323939519,1.1307559478063982,6882.69687635987
853,3.751923690212103,3273.1226616436747,1.1294713192074868,6960.452976104537
854,4.5263680138766915,1821.390164946747,1.128148325462474,5982.494039552416
855,4.896930329829578,1910.7901230561165,1.1267873586029595,5489.2791002695285
856,3.4949359744547435,2277.9064643435954,1.1253888219127957,5024.600649888924
857,5.998024417663212,2632.9915065264527,1.1239531298085865,6232.495266559823
858,4.241079943435012,1826.10155912035,1.1224807077168875,5565.191419663491
859,6.759055658754345,3290.3249323244086,1.1209719919481418,7697.356967111918
860,3.8415105033642356,2475.1275575473933,1.1194274295673923,7267.723062826732
861,4.293984165033174,2411.8158838432637,1.1178474782618073,6868.585511085371
862,5.194361455485186,2901.1588663843722,1.1162326062050563,7414.0293266904255
863,4.688818783820828,1832.4129701287752,1.1145832919185814,6507.078401408477
864,5.040187740783401,3059.831970081727,1.1129000241298013,7181.07310767144
865,4.578713118930431,2388.884986012339,1.1111833016272894,6884.676761187628
866,1.9769714729791068,2799.0061574229853,1.109433633112973,5729.072570477262
867,5.069722772646115,2452.3355537040543,1.1076515370513944,6084.423455325152
868,2.94199526700043,2092.6747482432133,1.1058375415160768,5143.436527174269
869,4.440967363089809,2151.64063460874,1.1039921840330469,5103.856355497229
870,3.607812557932773,2738.447563728175,1.1021160114215525,5264.04984938785
871,3.7770861410094954,2996.5661071939126,1.1002095796320301,5729.60778917857
872,5.078515629593953,2064.469123990966,1.098273453581363,5708.316599519133
873,5.07271566613988,2597.0838060927686,1.0963082069854848,6210.535640000804
874,4.136941989847239,2324.1199840904965,1.094314422189375,5954.123551938711
875,4.598663639651934,2908.4563629080267,1.0922926899944994,6492.003831653013
876,3.9388191721989902,2611.307349514377,1.0902436094837387,6360.632316134565
877,5.830770217544627,2702.530115956471,1.088167787843871,7121.7713453951055
878,4.306741530300156,3497.623232717963,1.0860658401856487,7776.311987223343
879,5.611149914149276,2234.7889031577356,1.0839383893615266,7547.025500288658
880,4.986703992355419,3015.352480878034,1.081786065781098,7867.059740223405
881,4.481120987010235,2547.887172962633,1.07960950722429,7462.563107964547
882,3.076398743460084,3347.17320046577,1.0774093586523779,7079.616109571192
883,5.908043727085849,3320.388556045713,1.0751862720168663,8463.876825419999
884,4.790998944399585,1458.9712842276351,1.0729409060663038,6827.70645767489
885,6.285036808676793,2741.4079477990854,1.0706739261510796,7502.638921870456
886,3.7775126429791444,2628.632394616688,1.068386004026269,6914.084812445535
887,5.175208812207713,2170.121525465211,1.0660778176525743,6557.447604077704
888,4.627979934361215,2771.209145329852,1.063750050995433,6702.7708073989625
889,5.484571960012585,2183.183733630657,1.0614033938223433,6571.408974799765
890,5.6210631990971285,2632.3247446140745,1.05903854149847,6979.566972846321
891,4.335541033206224,2096.401247125076,1.0566561947805948,6376.711401225406
892,4.933240697642934,2236.0803027967013,1.0542570596094651,6187.16916119168
893,5.4047981481813565,2377.125120889718,1.0518418469006101,6353.706665071909
894,3.9024092703451316,2780.0731842818373,1.0494112723336797,6321.6779798199395
895,4.033973826057434,1481.6092558545638,1.0469660561403742,5359.57798836323
896,3.7590345064468442,2579.6332086771677,1.0445069228910235,5316.6468317826075
897,3.994019116831794,2757.4138300528066,1.0420346012798825,5599.112754875754
898,4.694679346150519,2188.2195375772953,1.0395498239092014,5620.681814840145
899,4.156346312389816,2435.327547179914,1.0370533270721403,5632.299393704992
900,4.595074434853911,3525.9416568844,1.034545850534592,6759.9496528845975
901,4.628046368044505,3388.0036170011654,1.0320281373159697,7645.104244102482
902,3.7131841831792287,3067.3569411180843,1.0295009334690366,7635.022823302757
903,5.3794810552537715,2329.0709799218757,1.0269649878588343,7440.345606570901
904,4.066596792607905,3021.107014664094,1.0244210519407777,7351.3151956946085
905,5.099572529612875,2563.7403441206125,1.0218698795379815,7298.280676730327
906,4.532550189936246,1879.3213134383593,1.0193122266178873,6360.689168110933
907,4.370839867070525,2342.674508215094,1.0167488510682543,6005.749346326477
908,5.162283948035678,2432.899677578707,1.01418051247258,6166.645256398607
909,3.8779355673767535,2329.327389197694,1.0116079718850197,5786.869521418957
910,5.220420335968236,2210.004664646363,1.0090319916048687,5841.912592962621
911,4.329677992685736,3125.568258836929,1.0064533349506797,6366.894646029507
912,5.102289213161229,2302.070349363751,1.0038727660340703,6418.1082812857285
913,5.106486564782891,2653.190845841645,1.0012910495333036,6717.3256397263685
914,4.245219902708308,2646.3758755507697,0.9987089504666966,6661.819970037961
915,3.3239745164919063,2663.7650193264244,0.9961272339659301,6280.696353266634
916,5.3673365557687625,2272.6661798533505,0.9935466650493208,6334.524983302475
917,3.129748423313135,2456.608896839758,0.9909680083951314,5772.8911366838665
918,4.7797464111808905,3216.140688833084,0.9883920281149805,6624.987060134313
919,3.8524922024908332,2470.533638348039,0.9858194875274201,6356.2296225085865
920,4.167604605134796,2602.4742709502393,0.9832511489317459,6291.877176320675
921,3.6432453132806657,2653.3664744993534,0.9806877733821128,6069.51778067148
922,5.090843974987648,2126.7045813780633,0.9781301204620187,5934.1210820142815
923,4.940239599051613,2443.8093593141057,0.9755789480592225,6054.8917510631945
924,3.730664755544675,2377.2589127846113,0.9730350121411658,5718.016514831458
925,3.8743600202906467,2333.622003994821,0.9704990665309635,5480.526707608469
926,3.454002238298146,2832.9264701249676,0.9679718626840306,5504.365801132149
927,3.571103258823387,1570.1222653934176,0.9654541494654083,4726.2033320610635
928,3.7198413643843375,3451.9150759744853,0.9629466729278598,5481.888350413126
929,5.595067272275644,2244.4330784100325,0.960450176090799,5853.592750011695
930,4.4115071786902895,1379.1778119605929,0.9579653987201177,5031.951804769978
931,4.969988328028773,2152.138026331172,0.9554930771089766,5085.653411570366
932,4.038539469000122,2448.2487843647227,0.9530339438596258,5132.394463138775
933,3.978004584013088,2471.1391146269775,0.9505887276663203,5218.777645188901
934,5.219721284234353,2851.3948884298115,0.9481581530993899,5991.488003011825
935,4.8474272129089115,2079.1752858245936,0.9457429403905353,5930.520505638535
936,4.8050646064347635,2110.034071021911,0.9433438052194053,5800.65678134411
937,4.736074095845782,2197.3025378000953,0.9409614585015301,5718.0740869754545
938,4.579750892394282,2337.5716162690533,0.938596606177657,5718.506487159945
939,4.468290934903228,2226.9334514929546,0.9362499490045672,5638.506976878813
940,5.277081258262804,3151.7684723070342,0.9339221823474256,6466.1260705819695
941,6.521900695493729,1933.1819744791055,0.9316139959737311,6523.80667498707
942,5.060399959227866,2937.8184708365325,0.9293260738489204,6884.807012565476
943,5.019613498933893,2382.480549600128,0.9270590939336966,6900.495557185604
944,5.579155178681759,1962.1041960410269,0.9248137279831338,6639.487490373443
945,3.5117777667316292,2221.044793124661,0.9225906413476223,6133.328217073521
946,6.293382635971919,2468.140132850177,0.9203904927757103,6485.82723029831
947,5.04531754651112,2510.9720823984258,0.9182139342189022,6579.723709419393
948,3.3654799887786577,2756.5219188466335,0.9160616106384735,6413.033865095902
949,3.4394390251485984,2789.8950224837536,0.9139341598143513,6318.458778027828
950,5.203764143111621,2790.7749959181792,0.9118322121561291,6764.976480402729
951,6.012475028610857,2898.591074071667,0.9097563905162618,7448.032023657736
952,4.794116255445396,2396.7829988924937,0.9077073100055011,7331.167810864928
953,4.522859566565275,3124.492544603245,0.9056855778106251,7559.951928282571
954,4.004038519400249,2212.88905259498,0.9036917930145154,7053.6625451677555
955,2.849292410010814,1916.2504780942509,0.9017265464186373,6069.986428826725
956,5.856037497377211,2666.5075914628796,0.89979042036797,6543.719198813987
957,3.6890740972344647,2628.8663279765647,0.8978839885784476,6298.326657534127
958,5.112942567576735,2606.77751895515,0.8960078159669536,6514.671208759464
959,4.083425463443924,2605.3161395272705,0.8941624584839235,6396.175987303784
960,4.827644158324199,2047.2114963729287,0.8923484629486059,6074.75003297527
961,5.962393752984131,2351.2923967289444,0.8905663668870272,6280.196065147649
962,4.393674540314914,2557.311833642034,0.8888166983727106,6225.034551868841
963,3.487175657694844,2559.2718091611982,0.8870999758701988,5967.373528708749
964,4.460436454566873,2848.651618713503,0.8854167080814187,6243.544050444611
965,5.592880598106893,1652.5765098216248,0.8837673937949437,5838.922079239752
966,3.9264674832023707,2673.9379033001433,0.8821525217381927,5761.58410348414
967,2.3601665467813064,1939.9853407359346,0.880572570432608,5025.0509343867025
968,4.927034750131913,3325.989113262245,0.8790280080518585,5993.472499147497
969,5.460383595351425,2284.9838215639384,0.8775192922831127,6220.020499069535
970,4.7942800799604255,2213.2426989645796,0.8760468701914137,6110.372608917243
971,4.731703860288537,3585.7005809444317,0.8746111780872046,6899.487488644357
972,5.681202108340061,2327.034452185762,0.8732126413970404,7050.895179264609
973,2.8586216491586596,3205.4217453508027,0.8718516745375259,6826.171513237677
974,5.483877187604266,2671.788348126951,0.8705286807925132,7121.786825251901
975,5.693837979425229,2458.4486366827805,0.8692440521936017,7204.691763564179
976,5.694977743631048,1825.949236330231,0.8679981694039697,6700.505021174127
977,6.321060961619574,2439.134600443068,0.8667914016055761,6796.722888943807
978,4.942083581996565,2374.699230958092,0.8656241063897638,6622.20828864316
979,4.030099093022805,2799.7019785861044,0.8644966296512975,6545.972339330162
980,5.324713957078627,2272.777635531976,0.8634093054858675,6513.037937040365
981,3.3059543820648134,2266.3473214190444,0.862362456091091,6051.127882246068
982,3.4066743129565333,2404.58500728424,0.8613563916710361,5723.692092354
983,6.064926838785138,2836.658697147522,0.8603914103443031,6449.069118697641
984,3.164133475277408,1977.2716319843662,0.8594677980556853,5925.308640728336
985,4.043248355054751,2455.891393053079,0.8585858284914369,5815.209072130643
986,4.19644394018397,2365.5353634775306,0.8577457629981744,5722.407986200802
987,5.312496957001959,2728.4116544831804,0.8569478505054331,6175.43471487698
988,4.848633596790874,2565.2707893280776,0.8561923274519055,6350.12929983192
989,2.4707184013251964,2179.525376635654,0.8554794177153777,5738.691822241877
990,3.7363296307936356,2602.5931071794225,0.8548093325463904,5670.2843735893275
991,4.880526776365248,2571.7793280780575,0.8541822705056409,5933.724588513355
992,6.3778469913223965,2279.684934574905,0.8535984174051449,6250.8135483401165
993,4.6316867577085725,2571.7471189976477,0.8530579462531765,6298.479137537368
994,3.7097938788283273,3214.6677753792756,0.8525610172030027,6474.765802031824
995,7.287004684997946,2361.3998018738375,0.8521077775054254,6961.760351942013
996,1.9903199344544311,2622.372640425188,0.851698361465149,6320.6524554619955
997,4.550340007778463,2689.464161668513,0.8513328904009818,6418.988103812541
998,3.402434116505334,2793.239017350908,0.8510114726098879,6265.826887025089
999,2.721845611533625,2911.798023108235,0.8507342033348955,5967.447032269127
